A00470:566:HF2L2DRX3:1:2160:30599:32503_TACCATCCCC	CDW93818.1	100	25	0	0	3	77	27	51	8.91e-12	62.4
A00470:566:HF2L2DRX3:1:2160:30599:32503_TACCATCCCC	GGE93095.1	92.0	25	2	0	3	77	27	51	9.41e-10	57.4
A00470:566:HF2L2DRX3:1:2160:30599:32503_TACCATCCCC	KOS96208.1	92.0	25	2	0	3	77	27	51	1.90e-09	56.6
A00470:566:HF2L2DRX3:1:2160:30599:32503_TACCATCCCC	GAQ26319.1	91.7	24	2	0	3	74	27	50	2.70e-09	56.2
A00470:566:HF2L2DRX3:1:2160:30599:32503_TACCATCCCC	GGX54770.1	91.7	24	2	0	3	74	27	50	3.84e-09	55.8
A00470:566:HF2L2DRX3:1:2247:7129:3035_GAGCCAGAGT	QBR03917.1	100	26	0	0	2	79	26	51	3.01e-08	53.9
A00470:566:HF2L2DRX3:1:2247:7129:3035_GAGCCAGAGT	CAH2809598.1	96.2	26	1	0	2	79	21	46	9.05e-08	52.4
A00470:566:HF2L2DRX3:1:2247:7129:3035_GAGCCAGAGT	HAF44469.1	96.2	26	1	0	2	79	17	42	1.11e-07	52.4
A00470:566:HF2L2DRX3:1:2247:7129:3035_GAGCCAGAGT	HAB83646.1	92.3	26	2	0	2	79	52	77	3.02e-06	49.3
A00470:566:HF2L2DRX3:1:2247:7129:3035_GAGCCAGAGT	WP_223135339.1	84.0	25	4	0	76	2	7	31	9.28e-06	47.4
A00470:566:HF2L2DRX3:2:1228:21685:33066_GACTGCGCCC	ONJ25142.1	100	26	0	0	78	1	6	31	3.03e-09	56.2
A00470:566:HF2L2DRX3:2:1228:21685:33066_GACTGCGCCC	CZL50638.1	88.0	25	3	0	76	2	87	111	2.57e-08	55.1
A00470:566:HF2L2DRX3:2:1228:21685:33066_GACTGCGCCC	CZK06201.1	88.0	25	3	0	76	2	91	115	2.80e-08	55.1
A00470:566:HF2L2DRX3:2:1228:21685:33066_GACTGCGCCC	CZL04315.1	88.0	25	3	0	76	2	100	124	3.37e-08	55.1
A00470:566:HF2L2DRX3:2:1228:21685:33066_GACTGCGCCC	CDZ86782.1	80.0	25	5	0	76	2	19	43	4.49e-08	52.8
A00470:566:HF2L2DRX3:2:2138:2103:32503_TAATATCCAG	TMN96138.1	90.9	22	2	0	67	2	41	62	1.98e-06	48.9
A00470:566:HF2L2DRX3:2:2210:22634:25535_GACCACACGA	HAF44469.1	87.5	24	3	0	3	74	29	52	3.21e-04	43.5
