A00470:566:HF2L2DRX3:1:1224:9408:4570_TGGAAAAATT	gnl|uv|GU339052.1:1094-1318	97.059	34	0	1	6	39	103	71	2.48e-10	56.5
A00470:566:HF2L2DRX3:1:1247:16947:20322_CCGGCAACAC	gnl|uv|NGB00031.1:1519-1715	100.000	33	0	0	1	33	54	86	4.15e-12	62.1
A00470:566:HF2L2DRX3:1:1247:16947:20322_CCGGCAACAC	gnl|uv|J01749.1:1-4361-49	100.000	33	0	0	1	33	3534	3566	4.15e-12	62.1
A00470:566:HF2L2DRX3:1:1247:16947:20322_CCGGCAACAC	gnl|uv|KP064031.1:1-58	100.000	30	0	0	4	33	58	29	1.93e-10	56.5
A00470:566:HF2L2DRX3:1:1212:15980:32863_TACCAATGAT	gnl|uv|J01749.1:1-4361-49	100.000	66	0	0	1	66	4102	4167	5.38e-30	122
A00470:566:HF2L2DRX3:1:1212:15980:32863_TACCAATGAT	gnl|uv|EU496089.1:999-1588	98.387	62	1	0	5	66	1	62	4.19e-26	110
A00470:566:HF2L2DRX3:1:1212:15980:32863_TACCAATGAT	gnl|uv|AF087042.1:5572-5670	98.333	60	1	0	7	66	1	60	5.42e-25	106
A00470:566:HF2L2DRX3:1:1212:15980:32863_TACCAATGAT	gnl|uv|NGB00583.1:3798-3896	98.214	56	1	0	11	66	1	56	9.06e-23	99.0
A00470:566:HF2L2DRX3:1:1212:15980:32863_TACCAATGAT	gnl|uv|U64448.1:7812-7909	98.113	53	1	0	4	56	1	53	4.22e-21	93.5
A00470:566:HF2L2DRX3:1:2111:28519:25238_AAATGAATAA	gnl|uv|L08953.1:1649-1744	100.000	39	0	0	1	39	44	82	2.47e-15	73.1
A00470:566:HF2L2DRX3:1:2111:28519:25238_AAATGAATAA	gnl|uv|KP064031.1:4181-4336-49	97.500	40	0	1	1	39	205	166	1.15e-13	67.6
A00470:566:HF2L2DRX3:1:2111:28519:25238_AAATGAATAA	gnl|uv|KP064031.1:1-58	97.500	40	0	1	1	39	49	10	1.15e-13	67.6
A00470:566:HF2L2DRX3:1:2111:28519:25238_AAATGAATAA	gnl|uv|NGB00031.1:1519-1715	97.500	40	0	1	1	39	66	105	1.15e-13	67.6
A00470:566:HF2L2DRX3:1:2111:28519:25238_AAATGAATAA	gnl|uv|J01749.1:1-4361-49	97.500	40	0	1	1	39	3546	3585	1.15e-13	67.6
A00470:566:HF2L2DRX3:1:2162:3161:27727_GGCTGACTAT	gnl|uv|JQ895026.1:4799-4895	100.000	40	0	0	1	40	42	3	7.17e-16	75.0
A00470:566:HF2L2DRX3:1:2162:3161:27727_GGCTGACTAT	gnl|uv|L19899.1:1565-1749	100.000	40	0	0	1	40	2	41	7.17e-16	75.0
A00470:566:HF2L2DRX3:1:2162:3161:27727_GGCTGACTAT	gnl|uv|AF532109.1:1058-1367	100.000	40	0	0	1	40	252	213	7.17e-16	75.0
A00470:566:HF2L2DRX3:1:2162:3161:27727_GGCTGACTAT	gnl|uv|J01749.1:1-4361-49	100.000	40	0	0	1	40	3303	3342	7.17e-16	75.0
A00470:566:HF2L2DRX3:1:2162:3161:27727_GGCTGACTAT	gnl|uv|L08953.1:1438-1533	100.000	39	0	0	1	39	11	49	2.58e-15	73.1
A00470:566:HF2L2DRX3:1:2273:20518:11162_TAAGGGAACG	gnl|uv|J01749.1:1-4361-49	98.507	67	1	0	1	67	3194	3128	6.92e-29	119
A00470:566:HF2L2DRX3:1:2273:20518:11162_TAAGGGAACG	gnl|uv|U59231.1:3911-4005	97.015	67	1	1	1	67	71	6	1.16e-26	111
A00470:566:HF2L2DRX3:1:2273:20518:11162_TAAGGGAACG	gnl|uv|U04894.1:2485-2621	95.522	67	3	0	1	67	85	19	1.50e-25	108
A00470:566:HF2L2DRX3:1:2273:20518:11162_TAAGGGAACG	gnl|uv|L09145.1:792-887	96.774	62	1	1	1	62	36	96	6.97e-24	102
A00470:566:HF2L2DRX3:1:2273:20518:11162_TAAGGGAACG	gnl|uv|DD038280.1:1807-1942	91.549	71	2	1	1	67	59	129	1.17e-21	95.3
A00470:566:HF2L2DRX3:1:2230:1226:8343_TCACACTATC	gnl|uv|GU339052.1:1094-1318	96.970	33	0	1	1	33	103	72	6.94e-10	54.7
A00470:566:HF2L2DRX3:2:1158:9607:30405_TCTTACAGGT	gnl|uv|M34297.1:4062-4111	100.000	37	0	0	2	38	46	10	3.05e-14	69.4
A00470:566:HF2L2DRX3:2:1158:9607:30405_TCTTACAGGT	gnl|uv|M34296.1:4442-4491	100.000	37	0	0	2	38	46	10	3.05e-14	69.4
A00470:566:HF2L2DRX3:2:1158:9607:30405_TCTTACAGGT	gnl|uv|M34298.1:5342-5391	100.000	37	0	0	2	38	46	10	3.05e-14	69.4
A00470:566:HF2L2DRX3:2:1158:9607:30405_TCTTACAGGT	gnl|uv|U14116.1:3118-3167	100.000	37	0	0	2	38	5	41	3.05e-14	69.4
A00470:566:HF2L2DRX3:2:1158:9607:30405_TCTTACAGGT	gnl|uv|U14125.1:2816-2865	100.000	37	0	0	2	38	5	41	3.05e-14	69.4
A00470:566:HF2L2DRX3:2:1253:15564:30326_TCCAGCACCG	gnl|uv|NGB00053.1:845-1060	100.000	34	0	0	1	34	161	194	1.22e-12	63.9
A00470:566:HF2L2DRX3:2:1253:15564:30326_TCCAGCACCG	gnl|uv|NGB00108.1:1-243	100.000	34	0	0	1	34	209	242	1.22e-12	63.9
A00470:566:HF2L2DRX3:2:2112:20591:4805_GCGGGGTACA	gnl|uv|NGB00053.1:845-1060	100.000	39	0	0	2	40	161	199	2.80e-15	73.1
A00470:566:HF2L2DRX3:2:2112:20591:4805_GCGGGGTACA	gnl|uv|NGB00108.1:1-243	100.000	35	0	0	2	36	209	243	4.69e-13	65.8
A00470:566:HF2L2DRX3:2:2112:20591:4805_GCGGGGTACA	gnl|uv|AF090453.1:2872-3156	100.000	32	0	0	9	40	152	183	2.18e-11	60.2
A00470:566:HF2L2DRX3:2:2112:20591:4805_GCGGGGTACA	gnl|uv|AF092169.1:2336-2398	100.000	32	0	0	9	40	38	7	2.18e-11	60.2
A00470:566:HF2L2DRX3:2:2112:20591:4805_GCGGGGTACA	gnl|uv|KF947528.1:4361-4749	100.000	32	0	0	9	40	349	380	2.18e-11	60.2
A00470:566:HF2L2DRX3:2:2212:10447:9627_CACTCAGCCA	gnl|uv|NGB00053.1:845-1060	100.000	34	0	0	1	34	161	194	1.22e-12	63.9
A00470:566:HF2L2DRX3:2:2212:10447:9627_CACTCAGCCA	gnl|uv|NGB00108.1:1-243	100.000	34	0	0	1	34	209	242	1.22e-12	63.9
