A00470:566:HF2L2DRX3:1:1132:5258:15546_CCACTTACAC	AP014568.1	98.734	79	1	0	1	79	2551963	2552041	4.58e-30	141
A00470:566:HF2L2DRX3:1:1132:5258:15546_CCACTTACAC	CP070223.1	98.734	79	1	0	1	79	546264	546342	4.58e-30	141
A00470:566:HF2L2DRX3:1:1132:5258:15546_CCACTTACAC	AP014569.1	97.468	79	2	0	1	79	2583180	2583258	2.13e-28	135
A00470:566:HF2L2DRX3:1:1132:5258:15546_CCACTTACAC	AP025193.1	97.468	79	2	0	1	79	549390	549468	2.13e-28	135
A00470:566:HF2L2DRX3:1:1132:5258:15546_CCACTTACAC	CP075183.1	97.468	79	2	0	1	79	3036380	3036302	2.13e-28	135
A00470:566:HF2L2DRX3:1:1277:23565:12680_CAGAAGCATC	GU925047.1	100.000	54	0	0	9	62	82	135	4.96e-18	100
A00470:566:HF2L2DRX3:1:1277:23565:12680_CAGAAGCATC	GU926102.1	100.000	52	0	0	11	62	85	136	6.42e-17	97.1
A00470:566:HF2L2DRX3:1:1277:23565:12680_CAGAAGCATC	AB491970.1	100.000	52	0	0	8	59	2229	2280	6.42e-17	97.1
A00470:566:HF2L2DRX3:1:1277:23565:12680_CAGAAGCATC	AM501952.1	93.548	62	4	0	1	62	717	778	8.30e-16	93.5
A00470:566:HF2L2DRX3:1:1277:23565:12680_CAGAAGCATC	AM501951.1	93.548	62	4	0	1	62	717	778	8.30e-16	93.5
A00470:566:HF2L2DRX3:1:2206:30635:31594_GACCCAAGCG	CP088292.1	100.000	78	0	0	2	79	1119780	1119857	3.54e-31	145
A00470:566:HF2L2DRX3:1:2206:30635:31594_GACCCAAGCG	CP088273.1	100.000	78	0	0	2	79	2516377	2516300	3.54e-31	145
A00470:566:HF2L2DRX3:1:2206:30635:31594_GACCCAAGCG	CP072162.1	100.000	78	0	0	2	79	847412	847335	3.54e-31	145
A00470:566:HF2L2DRX3:1:2206:30635:31594_GACCCAAGCG	CP072156.1	100.000	78	0	0	2	79	3620217	3620294	3.54e-31	145
A00470:566:HF2L2DRX3:1:2206:30635:31594_GACCCAAGCG	CP072151.1	100.000	78	0	0	2	79	3571447	3571370	3.54e-31	145
A00470:566:HF2L2DRX3:1:2234:9200:10880_CCTACCAGAC	OL639013.1	100.000	80	0	0	1	80	3508	3587	2.80e-32	148
A00470:566:HF2L2DRX3:1:2234:9200:10880_CCTACCAGAC	OL639010.1	100.000	80	0	0	1	80	3150	3229	2.80e-32	148
A00470:566:HF2L2DRX3:1:2234:9200:10880_CCTACCAGAC	CP075192.1	100.000	80	0	0	1	80	98313	98392	2.80e-32	148
A00470:566:HF2L2DRX3:1:2234:9200:10880_CCTACCAGAC	CP075191.1	100.000	80	0	0	1	80	98313	98392	2.80e-32	148
A00470:566:HF2L2DRX3:1:2234:9200:10880_CCTACCAGAC	CP075186.1	100.000	80	0	0	1	80	282939	283018	2.80e-32	148
A00470:566:HF2L2DRX3:2:1113:16179:22811_AAACGAATGT	CP080582.1	100.000	71	0	0	1	71	19149	19219	2.29e-27	132
A00470:566:HF2L2DRX3:2:1113:16179:22811_AAACGAATGT	JX118839.1	100.000	71	0	0	1	71	419	489	2.29e-27	132
A00470:566:HF2L2DRX3:2:1113:16179:22811_AAACGAATGT	JX118838.1	100.000	71	0	0	1	71	422	492	2.29e-27	132
A00470:566:HF2L2DRX3:2:1113:16179:22811_AAACGAATGT	CP059699.1	100.000	71	0	0	1	71	177945	177875	2.29e-27	132
A00470:566:HF2L2DRX3:2:1113:16179:22811_AAACGAATGT	EU814323.1	100.000	71	0	0	1	71	213	283	2.29e-27	132
A00470:566:HF2L2DRX3:2:1119:15528:28291_GTAAGACATA	MW055658.1	98.734	79	1	0	1	79	386	464	4.58e-30	141
A00470:566:HF2L2DRX3:2:1119:15528:28291_GTAAGACATA	OL455608.1	98.734	79	1	0	1	79	1361	1439	4.58e-30	141
A00470:566:HF2L2DRX3:2:1119:15528:28291_GTAAGACATA	OL455607.1	98.734	79	1	0	1	79	1362	1440	4.58e-30	141
A00470:566:HF2L2DRX3:2:1119:15528:28291_GTAAGACATA	OL455606.1	98.734	79	1	0	1	79	1369	1447	4.58e-30	141
A00470:566:HF2L2DRX3:2:1119:15528:28291_GTAAGACATA	KF245542.1	98.734	79	1	0	1	79	1379	1457	4.58e-30	141
A00470:566:HF2L2DRX3:2:1157:6316:3411_TCAGTTCACT	MW468047.1	100.000	76	0	0	2	77	2250	2325	4.39e-30	141
A00470:566:HF2L2DRX3:2:1157:6316:3411_TCAGTTCACT	MW468045.1	100.000	76	0	0	2	77	2094	2169	4.39e-30	141
A00470:566:HF2L2DRX3:2:1157:6316:3411_TCAGTTCACT	MW468044.1	100.000	76	0	0	2	77	2093	2168	4.39e-30	141
A00470:566:HF2L2DRX3:2:1157:6316:3411_TCAGTTCACT	MW468043.1	100.000	76	0	0	2	77	2093	2168	4.39e-30	141
A00470:566:HF2L2DRX3:2:1157:6316:3411_TCAGTTCACT	MW468042.1	100.000	76	0	0	2	77	2093	2168	4.39e-30	141
A00470:566:HF2L2DRX3:2:2205:29559:11224_TAGCAAAATG	MZ544388.2	100.000	78	0	0	1	78	503	580	3.47e-31	145
A00470:566:HF2L2DRX3:2:2205:29559:11224_TAGCAAAATG	OL757762.1	100.000	78	0	0	1	78	641	718	3.47e-31	145
A00470:566:HF2L2DRX3:2:2205:29559:11224_TAGCAAAATG	OL721803.1	100.000	78	0	0	1	78	724	801	3.47e-31	145
A00470:566:HF2L2DRX3:2:2205:29559:11224_TAGCAAAATG	OL662846.1	100.000	78	0	0	1	78	718	795	3.47e-31	145
A00470:566:HF2L2DRX3:2:2205:29559:11224_TAGCAAAATG	OL662821.1	100.000	78	0	0	1	78	718	795	3.47e-31	145
A00470:566:HF2L2DRX3:2:2207:25925:17989_AACATAACGG	CP089309.1	100.000	77	0	0	1	77	3406555	3406631	1.22e-30	143
A00470:566:HF2L2DRX3:2:2207:25925:17989_AACATAACGG	CP089317.1	100.000	77	0	0	1	77	121748	121824	1.22e-30	143
A00470:566:HF2L2DRX3:2:2207:25925:17989_AACATAACGG	CP089296.1	100.000	77	0	0	1	77	136295	136219	1.22e-30	143
A00470:566:HF2L2DRX3:2:2207:25925:17989_AACATAACGG	CP089295.1	100.000	77	0	0	1	77	20499	20423	1.22e-30	143
A00470:566:HF2L2DRX3:2:2207:25925:17989_AACATAACGG	CP089301.1	100.000	77	0	0	1	77	5685077	5685001	1.22e-30	143
A00470:566:HF2L2DRX3:2:2154:28962:14105_ACCCATCCCG	GU926398.1	100.000	62	0	0	1	62	105	166	1.95e-22	115
A00470:566:HF2L2DRX3:2:2154:28962:14105_ACCCATCCCG	GU926090.1	100.000	62	0	0	1	62	129	190	1.95e-22	115
A00470:566:HF2L2DRX3:2:2154:28962:14105_ACCCATCCCG	GU925761.1	100.000	59	0	0	1	59	321	379	9.07e-21	110
A00470:566:HF2L2DRX3:2:2154:28962:14105_ACCCATCCCG	CP079194.1	92.857	56	4	0	7	62	606092	606147	1.98e-12	82.4
A00470:566:HF2L2DRX3:2:2154:28962:14105_ACCCATCCCG	NR_103152.1	92.857	56	4	0	7	62	800	855	1.98e-12	82.4
