A00470:566:HF2L2DRX3:1:1175:29866:17675_ATAGCCACCT	DQ150561.1	100.000	77	0	0	2	78	1272	1348	1.25e-30	143
A00470:566:HF2L2DRX3:1:1175:29866:17675_ATAGCCACCT	DQ150560.1	100.000	77	0	0	2	78	1280	1356	1.25e-30	143
A00470:566:HF2L2DRX3:1:1175:29866:17675_ATAGCCACCT	DQ150559.1	100.000	77	0	0	2	78	1282	1358	1.25e-30	143
A00470:566:HF2L2DRX3:1:1175:29866:17675_ATAGCCACCT	NR_076749.1	100.000	71	0	0	8	78	1449	1519	2.70e-27	132
A00470:566:HF2L2DRX3:1:1175:29866:17675_ATAGCCACCT	CP002039.1	100.000	71	0	0	8	78	523186	523256	2.70e-27	132
A00470:566:HF2L2DRX3:1:2160:30599:32503_TACCATCCCC	OL636285.1	100.000	79	0	0	1	79	1132	1210	9.85e-32	147
A00470:566:HF2L2DRX3:1:2160:30599:32503_TACCATCCCC	OL636248.1	100.000	79	0	0	1	79	1127	1205	9.85e-32	147
A00470:566:HF2L2DRX3:1:2160:30599:32503_TACCATCCCC	KJ676717.1	100.000	79	0	0	1	79	1160	1238	9.85e-32	147
A00470:566:HF2L2DRX3:1:2160:30599:32503_TACCATCCCC	KF101845.1	100.000	79	0	0	1	79	1067	1145	9.85e-32	147
A00470:566:HF2L2DRX3:1:2160:30599:32503_TACCATCCCC	KF098067.1	100.000	79	0	0	1	79	1156	1234	9.85e-32	147
A00470:566:HF2L2DRX3:1:2247:7129:3035_GAGCCAGAGT	CP086306.1	100.000	79	0	0	1	79	1038170	1038248	9.85e-32	147
A00470:566:HF2L2DRX3:1:2247:7129:3035_GAGCCAGAGT	CP086305.1	100.000	79	0	0	1	79	5309	5231	9.85e-32	147
A00470:566:HF2L2DRX3:1:2247:7129:3035_GAGCCAGAGT	CP086304.1	100.000	79	0	0	1	79	23238	23160	9.85e-32	147
A00470:566:HF2L2DRX3:1:2247:7129:3035_GAGCCAGAGT	CP086303.1	100.000	79	0	0	1	79	1029166	1029244	9.85e-32	147
A00470:566:HF2L2DRX3:1:2247:7129:3035_GAGCCAGAGT	CP086302.1	100.000	79	0	0	1	79	2657282	2657204	9.85e-32	147
A00470:566:HF2L2DRX3:2:1233:16260:12868_CGCCATCCTC	AF116627.2	100.000	36	0	0	1	36	624	589	1.01e-08	67.6
A00470:566:HF2L2DRX3:2:1233:16260:12868_CGCCATCCTC	AK311884.1	100.000	36	0	0	1	36	35	70	1.01e-08	67.6
A00470:566:HF2L2DRX3:2:1233:16260:12868_CGCCATCCTC	BC070481.1	100.000	36	0	0	1	36	21	56	1.01e-08	67.6
A00470:566:HF2L2DRX3:2:1233:16260:12868_CGCCATCCTC	BC070190.1	100.000	36	0	0	1	36	33	68	1.01e-08	67.6
A00470:566:HF2L2DRX3:2:1233:16260:12868_CGCCATCCTC	BC008926.2	100.000	36	0	0	1	36	82	117	1.01e-08	67.6
A00470:566:HF2L2DRX3:2:1228:21685:33066_GACTGCGCCC	CP076413.1	100.000	78	0	0	1	78	2817851	2817774	3.47e-31	145
A00470:566:HF2L2DRX3:2:1228:21685:33066_GACTGCGCCC	CP076412.1	100.000	78	0	0	1	78	1728969	1729046	3.47e-31	145
A00470:566:HF2L2DRX3:2:1228:21685:33066_GACTGCGCCC	OL813217.1	100.000	78	0	0	1	78	259	336	3.47e-31	145
A00470:566:HF2L2DRX3:2:1228:21685:33066_GACTGCGCCC	OL813216.1	100.000	78	0	0	1	78	263	340	3.47e-31	145
A00470:566:HF2L2DRX3:2:1228:21685:33066_GACTGCGCCC	OL721603.1	100.000	78	0	0	1	78	245	322	3.47e-31	145
A00470:566:HF2L2DRX3:2:2138:2103:32503_TAATATCCAG	CP089448.1	97.015	67	2	0	1	67	478597	478663	7.44e-22	113
A00470:566:HF2L2DRX3:2:2138:2103:32503_TAATATCCAG	CP089445.1	97.015	67	2	0	1	67	96730	96796	7.44e-22	113
A00470:566:HF2L2DRX3:2:2138:2103:32503_TAATATCCAG	CP089385.1	97.015	67	2	0	1	67	510833	510899	7.44e-22	113
A00470:566:HF2L2DRX3:2:2138:2103:32503_TAATATCCAG	CP089315.1	97.015	67	2	0	1	67	499980	500046	7.44e-22	113
A00470:566:HF2L2DRX3:2:2138:2103:32503_TAATATCCAG	CP089313.1	97.015	67	2	0	1	67	472256	472322	7.44e-22	113
A00470:566:HF2L2DRX3:2:2210:22634:25535_GACCACACGA	KF557648.1	100.000	75	0	0	2	76	9	83	1.54e-29	139
A00470:566:HF2L2DRX3:2:2210:22634:25535_GACCACACGA	KF557617.1	100.000	75	0	0	2	76	9	83	1.54e-29	139
A00470:566:HF2L2DRX3:2:2210:22634:25535_GACCACACGA	KJ600831.1	100.000	75	0	0	2	76	9	83	1.54e-29	139
A00470:566:HF2L2DRX3:2:2210:22634:25535_GACCACACGA	KJ600830.1	100.000	75	0	0	2	76	9	83	1.54e-29	139
A00470:566:HF2L2DRX3:2:2210:22634:25535_GACCACACGA	KF071073.1	100.000	75	0	0	2	76	9	83	1.54e-29	139
