A00470:566:HF2L2DRX3:1:1111:20817:8140_CGAAATAGAT	gnl|uv|J01749.1:1-4361-49	92.593	81	5	1	1	80	3250	3330	1.13e-27	115
A00470:566:HF2L2DRX3:1:1111:20817:8140_CGAAATAGAT	gnl|uv|EF512631.1:924-1021	92.537	67	3	2	16	80	97	31	1.48e-21	95.3
A00470:566:HF2L2DRX3:1:1111:20817:8140_CGAAATAGAT	gnl|uv|JX310868.1:3171-3326	92.063	63	4	1	3	64	107	45	2.47e-19	87.9
A00470:566:HF2L2DRX3:1:1111:20817:8140_CGAAATAGAT	gnl|uv|EU182593.1:1905-2003	90.909	66	5	1	16	80	99	34	2.47e-19	87.9
A00470:566:HF2L2DRX3:1:1111:20817:8140_CGAAATAGAT	gnl|uv|L05669.1:2708-2849	95.918	49	2	0	2	50	49	1	4.13e-17	80.5
A00470:566:HF2L2DRX3:1:1122:22381:11788_TTCATGCACC	gnl|uv|J01636.1:1-7477	93.651	63	4	0	3	65	1245	1183	1.15e-21	95.3
A00470:566:HF2L2DRX3:1:1122:22381:11788_TTCATGCACC	gnl|uv|L37382.1:98-196	92.063	63	5	0	3	65	81	19	5.34e-20	89.8
A00470:566:HF2L2DRX3:1:1122:22381:11788_TTCATGCACC	gnl|uv|U09128.1:12430-14537	92.188	64	4	1	3	65	1733	1796	5.34e-20	89.8
A00470:566:HF2L2DRX3:1:1122:22381:11788_TTCATGCACC	gnl|uv|DQ058743.1:1895-2039-34	94.231	52	3	0	3	54	103	52	3.22e-17	80.5
A00470:566:HF2L2DRX3:1:1122:22381:11788_TTCATGCACC	gnl|uv|NGB00035.1:3840-3971	93.878	49	3	0	4	52	1	49	1.50e-15	75.0
A00470:566:HF2L2DRX3:1:1163:23990:22905_CACTCCCCTT	gnl|uv|AF416744.1:635-951	100.000	49	0	0	1	49	240	192	9.90e-21	91.6
A00470:566:HF2L2DRX3:1:1163:23990:22905_CACTCCCCTT	gnl|uv|AF090453.1:2872-3156	97.959	49	1	0	1	49	249	201	4.61e-19	86.1
A00470:566:HF2L2DRX3:1:1134:7175:33802_AACACTATTC	gnl|uv|DQ133906.1:2593-3425-49	98.734	79	1	0	1	79	447	525	1.84e-35	141
A00470:566:HF2L2DRX3:1:1134:7175:33802_AACACTATTC	gnl|uv|X70478.1:4174-4271	97.872	47	1	0	1	47	47	1	1.13e-17	82.4
A00470:566:HF2L2DRX3:1:1134:7175:33802_AACACTATTC	gnl|uv|U62637.1:2241-2393	100.000	40	0	0	40	79	1	40	1.89e-15	75.0
A00470:566:HF2L2DRX3:1:1140:15085:22921_ACACATCAAC	gnl|uv|DQ133906.1:2593-3425-49	100.000	59	0	0	1	59	479	537	3.59e-26	110
A00470:566:HF2L2DRX3:1:1140:15085:22921_ACACATCAAC	gnl|uv|U62637.1:2241-2393	100.000	49	0	0	8	56	1	49	1.30e-20	91.6
A00470:566:HF2L2DRX3:1:1201:31720:13996_ATCATAGAAC	gnl|uv|DQ133906.1:2593-3425-49	98.734	79	1	0	1	79	447	525	1.84e-35	141
A00470:566:HF2L2DRX3:1:1201:31720:13996_ATCATAGAAC	gnl|uv|X70478.1:4174-4271	97.872	47	1	0	1	47	47	1	1.13e-17	82.4
A00470:566:HF2L2DRX3:1:1201:31720:13996_ATCATAGAAC	gnl|uv|U62637.1:2241-2393	100.000	40	0	0	40	79	1	40	1.89e-15	75.0
A00470:566:HF2L2DRX3:1:2102:1588:6558_CCTCACCTAT	gnl|uv|AF090453.1:2872-3156	97.222	36	1	0	1	36	179	214	4.88e-12	62.1
A00470:566:HF2L2DRX3:1:2102:1588:6558_CCTCACCTAT	gnl|uv|U89673.1:2672-2806	97.222	36	1	0	1	36	90	125	4.88e-12	62.1
A00470:566:HF2L2DRX3:1:2102:1588:6558_CCTCACCTAT	gnl|uv|AF416744.1:635-951	97.222	36	1	0	1	36	170	205	4.88e-12	62.1
A00470:566:HF2L2DRX3:1:2137:23312:18599_GCACACTAAA	gnl|uv|DQ133906.1:2593-3425-49	98.734	79	1	0	1	79	447	525	1.84e-35	141
A00470:566:HF2L2DRX3:1:2137:23312:18599_GCACACTAAA	gnl|uv|X70478.1:4174-4271	97.872	47	1	0	1	47	47	1	1.13e-17	82.4
A00470:566:HF2L2DRX3:1:2137:23312:18599_GCACACTAAA	gnl|uv|U62637.1:2241-2393	100.000	40	0	0	40	79	1	40	1.89e-15	75.0
A00470:566:HF2L2DRX3:1:2218:6515:31281_TTGGAGCGAA	gnl|uv|J01749.1:1-4361-49	100.000	52	0	0	1	52	2766	2715	2.33e-22	97.1
A00470:566:HF2L2DRX3:1:2218:6515:31281_TTGGAGCGAA	gnl|uv|KY348842.1:632-729	98.077	52	1	0	1	52	86	35	1.08e-20	91.6
A00470:566:HF2L2DRX3:1:2218:6515:31281_TTGGAGCGAA	gnl|uv|U13869.1:833-932	96.154	52	2	0	1	52	87	36	5.04e-19	86.1
A00470:566:HF2L2DRX3:1:2218:6515:31281_TTGGAGCGAA	gnl|uv|EU292739.1:1941-2037	100.000	43	0	0	1	43	7	49	2.34e-17	80.5
A00470:566:HF2L2DRX3:1:2218:6515:31281_TTGGAGCGAA	gnl|uv|X65279.1:1634-1729	100.000	43	0	0	10	52	1	43	2.34e-17	80.5
A00470:566:HF2L2DRX3:1:2233:13458:12555_GTAGAACACG	gnl|uv|AF090453.1:2872-3156	100.000	44	0	0	1	44	192	235	5.03e-18	82.4
A00470:566:HF2L2DRX3:1:2233:13458:12555_GTAGAACACG	gnl|uv|AF416744.1:635-951	100.000	44	0	0	1	44	183	226	5.03e-18	82.4
A00470:566:HF2L2DRX3:1:2233:13458:12555_GTAGAACACG	gnl|uv|U89673.1:2672-2806	100.000	33	0	0	1	33	103	135	6.55e-12	62.1
A00470:566:HF2L2DRX3:1:2257:1759:8641_ACAGGACAGG	gnl|uv|DQ133906.1:2593-3425-49	98.734	79	1	0	1	79	447	525	1.84e-35	141
A00470:566:HF2L2DRX3:1:2257:1759:8641_ACAGGACAGG	gnl|uv|X70478.1:4174-4271	97.872	47	1	0	1	47	47	1	1.13e-17	82.4
A00470:566:HF2L2DRX3:1:2257:1759:8641_ACAGGACAGG	gnl|uv|U62637.1:2241-2393	100.000	40	0	0	40	79	1	40	1.89e-15	75.0
A00470:566:HF2L2DRX3:2:1125:19452:4648_GTATGGGCTA	gnl|uv|J01749.1:1-4361-49	98.485	66	1	0	1	66	3196	3131	2.50e-28	117
A00470:566:HF2L2DRX3:2:1125:19452:4648_GTATGGGCTA	gnl|uv|U04894.1:2485-2621	95.455	66	3	0	1	66	87	22	5.42e-25	106
A00470:566:HF2L2DRX3:2:1125:19452:4648_GTATGGGCTA	gnl|uv|L05669.1:3965-4149	94.737	57	2	1	6	62	1	56	1.96e-19	87.9
A00470:566:HF2L2DRX3:2:1125:19452:4648_GTATGGGCTA	gnl|uv|EU496103.1:533-630	93.333	60	3	1	3	62	1	59	1.96e-19	87.9
A00470:566:HF2L2DRX3:2:1125:19452:4648_GTATGGGCTA	gnl|uv|J01783.1:2889-2983	97.959	49	1	0	6	54	95	47	7.06e-19	86.1
A00470:566:HF2L2DRX3:2:1149:13557:17237_TGACCAACAG	gnl|uv|KF947528.1:1-174	100.000	80	0	0	1	80	49	128	1.12e-37	148
A00470:566:HF2L2DRX3:2:1149:13557:17237_TGACCAACAG	gnl|uv|NGB00030.1:1033-1606	96.226	53	2	0	28	80	351	403	2.47e-19	87.9
A00470:566:HF2L2DRX3:2:1149:13557:17237_TGACCAACAG	gnl|uv|U43284.1:4097-4145-49	97.917	48	1	0	33	80	50	97	3.19e-18	84.2
A00470:566:HF2L2DRX3:2:1149:13557:17237_TGACCAACAG	gnl|uv|U64449.2:1961-2114	100.000	41	0	0	1	41	114	154	5.34e-16	76.8
A00470:566:HF2L2DRX3:2:1149:13557:17237_TGACCAACAG	gnl|uv|U89673.1:1-84	100.000	36	0	0	1	36	49	84	3.22e-13	67.6
A00470:566:HF2L2DRX3:2:1258:5602:29606_TAGAACAAAA	gnl|uv|GU339052.1:1094-1318	97.917	48	0	1	5	52	103	57	1.13e-17	82.4
A00470:566:HF2L2DRX3:2:1229:31521:4351_AAATTCTCTG	gnl|uv|J01749.1:1-4361-49	100.000	80	0	0	1	80	3815	3736	1.12e-37	148
A00470:566:HF2L2DRX3:2:1229:31521:4351_AAATTCTCTG	gnl|uv|AF532109.1:742-919	98.750	80	1	0	1	80	56	135	5.20e-36	143
A00470:566:HF2L2DRX3:2:1229:31521:4351_AAATTCTCTG	gnl|uv|JQ895026.1:4321-4512	96.250	80	3	0	1	80	8	87	1.12e-32	132
A00470:566:HF2L2DRX3:2:1229:31521:4351_AAATTCTCTG	gnl|uv|JX310866.1:2937-3038	96.552	58	2	0	1	58	45	102	1.14e-22	99.0
A00470:566:HF2L2DRX3:2:1229:31521:4351_AAATTCTCTG	gnl|uv|D14640.1:1724-1822	100.000	49	0	0	30	78	99	51	1.91e-20	91.6
A00470:566:HF2L2DRX3:2:1241:31864:23610_TGCCATCCAA	gnl|uv|NGB00053.1:845-1060	100.000	54	0	0	2	55	212	159	3.12e-23	100
A00470:566:HF2L2DRX3:2:1241:31864:23610_TGCCATCCAA	gnl|uv|AF090453.1:2872-3156	100.000	45	0	0	2	46	196	152	3.14e-18	84.2
A00470:566:HF2L2DRX3:2:1241:31864:23610_TGCCATCCAA	gnl|uv|AF416744.1:635-951	100.000	45	0	0	2	46	187	143	3.14e-18	84.2
A00470:566:HF2L2DRX3:2:1241:31864:23610_TGCCATCCAA	gnl|uv|GU339052.1:1094-1318	100.000	41	0	0	39	79	57	97	5.26e-16	76.8
A00470:566:HF2L2DRX3:2:1241:31864:23610_TGCCATCCAA	gnl|uv|KF947528.1:4361-4749	100.000	41	0	0	6	46	389	349	5.26e-16	76.8
A00470:566:HF2L2DRX3:2:2128:28592:7451_CACAGCCATT	gnl|uv|AF090454.1:3378-3426-40	100.000	33	0	0	1	33	6	38	4.15e-12	62.1
A00470:566:HF2L2DRX3:2:2128:28592:7451_CACAGCCATT	gnl|uv|AF090453.1:3244-3297-49	100.000	33	0	0	1	33	12	44	4.15e-12	62.1
A00470:566:HF2L2DRX3:2:2128:28592:7451_CACAGCCATT	gnl|uv|AF092169.1:1974-2153	100.000	33	0	0	1	33	168	136	4.15e-12	62.1
A00470:566:HF2L2DRX3:2:2128:28592:7451_CACAGCCATT	gnl|uv|NGB00053.1:1235-1340	100.000	33	0	0	1	33	10	42	4.15e-12	62.1
A00470:566:HF2L2DRX3:2:2128:28592:7451_CACAGCCATT	gnl|uv|KF947528.1:4787-5103	100.000	33	0	0	1	33	155	187	4.15e-12	62.1
A00470:566:HF2L2DRX3:2:1274:29749:10050_GAGTCCACGG	gnl|uv|DQ133906.1:2593-3425-49	98.630	73	0	1	1	72	485	557	1.27e-31	128
A00470:566:HF2L2DRX3:2:1274:29749:10050_GAGTCCACGG	gnl|uv|U62637.1:2241-2393	97.222	72	0	2	2	72	1	71	2.12e-29	121
A00470:566:HF2L2DRX3:2:1274:29749:10050_GAGTCCACGG	gnl|uv|GU339052.1:1094-1318	97.826	46	0	1	28	72	49	4	1.29e-16	78.7
A00470:566:HF2L2DRX3:2:1274:29749:10050_GAGTCCACGG	gnl|uv|HQ245711.1:13422-13527	97.619	42	0	1	32	72	58	99	2.17e-14	71.3
A00470:566:HF2L2DRX3:2:2145:17237:14528_TAATGATCGG	gnl|uv|KF947528.1:1-174	100.000	78	0	0	1	78	72	149	1.40e-36	145
A00470:566:HF2L2DRX3:2:2145:17237:14528_TAATGATCGG	gnl|uv|NGB00030.1:1033-1606	97.297	74	2	0	5	78	351	424	5.06e-31	126
A00470:566:HF2L2DRX3:2:2145:17237:14528_TAATGATCGG	gnl|uv|U43284.1:4097-4145-49	97.959	49	1	0	10	58	50	98	8.59e-19	86.1
A00470:566:HF2L2DRX3:2:2233:11776:18630_GACGGGGCAG	gnl|uv|U62637.1:2241-2393	100.000	46	0	0	35	80	2	47	8.88e-19	86.1
A00470:566:HF2L2DRX3:2:2233:11776:18630_GACGGGGCAG	gnl|uv|DQ133906.1:2593-3425-49	100.000	46	0	0	35	80	487	532	8.88e-19	86.1
A00470:566:HF2L2DRX3:2:2267:27905:16157_CCCCCCGCCT	gnl|uv|DQ133906.1:2593-3425-49	98.734	79	1	0	1	79	447	525	1.84e-35	141
A00470:566:HF2L2DRX3:2:2267:27905:16157_CCCCCCGCCT	gnl|uv|X70478.1:4174-4271	97.872	47	1	0	1	47	47	1	1.13e-17	82.4
A00470:566:HF2L2DRX3:2:2267:27905:16157_CCCCCCGCCT	gnl|uv|U62637.1:2241-2393	100.000	40	0	0	40	79	1	40	1.89e-15	75.0
A00470:566:HF2L2DRX3:2:2252:22941:27101_TGGCAGTGAC	gnl|uv|U37573.1:955-1950	100.000	79	0	0	1	79	555	633	3.95e-37	147
A00470:566:HF2L2DRX3:2:2252:22941:27101_TGGCAGTGAC	gnl|uv|U47119.2:349-589	98.718	78	1	0	2	79	191	114	6.61e-35	139
