A00470:566:HF2L2DRX3:1:1132:5258:15546_CCACTTACAC	KAF1858500.1	80.8	26	5	0	79	2	3932	3957	7.41e-04	45.1
A00470:566:HF2L2DRX3:1:1132:5258:15546_CCACTTACAC	KAF1858388.1	80.8	26	5	0	79	2	2910	2935	7.42e-04	45.1
A00470:566:HF2L2DRX3:1:1132:5258:15546_CCACTTACAC	KAF1858412.1	80.8	26	5	0	79	2	367	392	7.48e-04	45.1
A00470:566:HF2L2DRX3:1:1132:5258:15546_CCACTTACAC	KAF1858427.1	80.8	26	5	0	79	2	84	109	7.68e-04	45.1
A00470:566:HF2L2DRX3:1:1132:5258:15546_CCACTTACAC	KAF1858519.1	80.8	26	5	0	79	2	127	152	7.69e-04	45.1
A00470:566:HF2L2DRX3:1:2206:30635:31594_GACCCAAGCG	ACP27280.1	92.3	26	2	0	79	2	8	33	8.10e-09	58.2
A00470:566:HF2L2DRX3:1:2206:30635:31594_GACCCAAGCG	GEC32687.1	92.3	26	2	0	79	2	8	33	8.10e-09	58.2
A00470:566:HF2L2DRX3:1:2206:30635:31594_GACCCAAGCG	NRQ13122.1	92.3	26	2	0	79	2	8	33	8.19e-09	58.2
A00470:566:HF2L2DRX3:1:2206:30635:31594_GACCCAAGCG	PII38096.1	92.3	26	2	0	79	2	47	72	1.19e-08	58.2
A00470:566:HF2L2DRX3:1:2206:30635:31594_GACCCAAGCG	AEH80932.1	92.3	26	2	0	79	2	47	72	1.19e-08	58.2
A00470:566:HF2L2DRX3:1:2234:9200:10880_CCTACCAGAC	KAF4513756.1	100	26	0	0	80	3	220	245	1.89e-07	55.1
A00470:566:HF2L2DRX3:1:2234:9200:10880_CCTACCAGAC	PTU71811.1	92.0	25	2	0	79	5	18	42	1.11e-05	47.4
A00470:566:HF2L2DRX3:1:2234:9200:10880_CCTACCAGAC	GAL87805.1	88.0	25	3	0	6	80	1	25	4.51e-05	45.4
A00470:566:HF2L2DRX3:1:2234:9200:10880_CCTACCAGAC	ADI17229.1	83.3	24	4	0	78	7	61	84	8.74e-05	46.6
A00470:566:HF2L2DRX3:1:2234:9200:10880_CCTACCAGAC	KAF1858412.1	84.6	26	4	0	80	3	633	658	1.56e-04	47.0
A00470:566:HF2L2DRX3:2:1113:16179:22811_AAACGAATGT	WP_234969295.1	95.7	23	1	0	71	3	9	31	2.24e-07	51.6
A00470:566:HF2L2DRX3:2:1113:16179:22811_AAACGAATGT	SUP58484.1	95.7	23	1	0	71	3	78	100	1.53e-06	50.4
A00470:566:HF2L2DRX3:2:1113:16179:22811_AAACGAATGT	EMI15241.1	91.3	23	2	0	71	3	68	90	2.55e-06	49.7
A00470:566:HF2L2DRX3:2:1113:16179:22811_AAACGAATGT	WP_253137504.1	91.3	23	2	0	71	3	68	90	2.60e-06	49.7
A00470:566:HF2L2DRX3:2:1113:16179:22811_AAACGAATGT	AKE21962.1	91.3	23	2	0	71	3	119	141	6.40e-06	49.7
A00470:566:HF2L2DRX3:2:1119:15528:28291_GTAAGACATA	EDS76995.1	92.3	26	2	0	79	2	19	44	1.03e-11	63.5
A00470:566:HF2L2DRX3:2:1119:15528:28291_GTAAGACATA	EEJ73263.1	96.2	26	1	0	1	78	15	40	1.81e-10	58.9
A00470:566:HF2L2DRX3:2:1119:15528:28291_GTAAGACATA	POH50404.1	88.5	26	3	0	79	2	19	44	2.63e-10	59.3
A00470:566:HF2L2DRX3:2:1119:15528:28291_GTAAGACATA	CCQ76622.1	88.5	26	3	0	79	2	40	65	3.52e-10	59.3
A00470:566:HF2L2DRX3:2:1119:15528:28291_GTAAGACATA	CCQ81474.1	88.5	26	3	0	79	2	42	67	3.69e-10	59.3
A00470:566:HF2L2DRX3:2:1157:6316:3411_TCAGTTCACT	BAG46935.1	100	25	0	0	75	1	94	118	2.20e-08	55.5
A00470:566:HF2L2DRX3:2:1157:6316:3411_TCAGTTCACT	KIP17387.1	100	25	0	0	75	1	94	118	2.69e-08	55.5
A00470:566:HF2L2DRX3:2:1157:6316:3411_TCAGTTCACT	CAB5155272.1	100	25	0	0	75	1	94	118	3.88e-08	55.5
A00470:566:HF2L2DRX3:2:1157:6316:3411_TCAGTTCACT	SOZ25704.1	87.5	24	3	0	72	1	95	118	3.47e-04	45.4
A00470:566:HF2L2DRX3:2:1157:6316:3411_TCAGTTCACT	SPA12627.1	87.5	24	3	0	72	1	95	118	3.47e-04	45.4
A00470:566:HF2L2DRX3:2:2205:29559:11224_TAGCAAAATG	MAM34374.1	92.0	25	2	0	77	3	2	26	6.82e-08	52.8
A00470:566:HF2L2DRX3:2:2205:29559:11224_TAGCAAAATG	SKZ06898.1	100	22	0	0	2	67	14	35	6.47e-07	49.7
A00470:566:HF2L2DRX3:2:2205:29559:11224_TAGCAAAATG	KAI3475629.1	87.5	24	3	0	77	6	46	69	1.05e-06	50.1
A00470:566:HF2L2DRX3:2:2205:29559:11224_TAGCAAAATG	EPS74494.1	87.5	24	3	0	77	6	48	71	1.10e-06	50.1
A00470:566:HF2L2DRX3:2:2205:29559:11224_TAGCAAAATG	AOE06107.1	91.7	24	2	0	74	3	24	47	1.70e-06	49.7
A00470:566:HF2L2DRX3:2:2207:25925:17989_AACATAACGG	KAB2037613.1	100	25	0	0	2	76	4	28	2.78e-08	53.1
A00470:566:HF2L2DRX3:2:2207:25925:17989_AACATAACGG	VVW88423.1	100	25	0	0	2	76	8	32	3.82e-08	53.1
A00470:566:HF2L2DRX3:2:2207:25925:17989_AACATAACGG	MCE3258254.1	100	25	0	0	75	1	1	25	4.02e-08	52.8
A00470:566:HF2L2DRX3:2:2207:25925:17989_AACATAACGG	VVW87337.1	100	25	0	0	75	1	20	44	5.09e-08	52.8
A00470:566:HF2L2DRX3:2:2207:25925:17989_AACATAACGG	CCA91114.1	100	25	0	0	75	1	13	37	5.09e-08	52.8
