A00470:566:HF2L2DRX3:1:1106:14977:12493_TGAAATGCAG	gnl|uv|U29899.1:1847-4463	100.000	37	0	0	10	46	224	260	4.20e-14	69.4
A00470:566:HF2L2DRX3:1:1106:14977:12493_TGAAATGCAG	gnl|uv|X75463.1:2260-2357	100.000	36	0	0	10	45	36	1	1.51e-13	67.6
A00470:566:HF2L2DRX3:1:1106:14977:12493_TGAAATGCAG	gnl|uv|X75457.1:4052-4147	100.000	36	0	0	10	45	36	1	1.51e-13	67.6
A00470:566:HF2L2DRX3:1:1106:14977:12493_TGAAATGCAG	gnl|uv|U09128.1:11913-12244	100.000	36	0	0	10	45	36	1	1.51e-13	67.6
A00470:566:HF2L2DRX3:1:1106:14977:12493_TGAAATGCAG	gnl|uv|U13188.1:2988-3112	100.000	36	0	0	10	45	36	1	1.51e-13	67.6
A00470:566:HF2L2DRX3:1:1106:19985:36448_TTTCCACTAC	gnl|uv|J01749.1:1-4361-49	98.571	70	1	0	1	70	4075	4006	1.58e-30	124
A00470:566:HF2L2DRX3:1:1106:19985:36448_TTTCCACTAC	gnl|uv|JQ437370.1:1915-3110-49	91.429	70	6	0	1	70	860	791	3.44e-22	97.1
A00470:566:HF2L2DRX3:1:1106:19985:36448_TTTCCACTAC	gnl|uv|L08876.1:1178-1279	97.917	48	1	0	23	70	1	48	2.68e-18	84.2
A00470:566:HF2L2DRX3:1:1106:19985:36448_TTTCCACTAC	gnl|uv|Z50143.1:2294-2389	100.000	40	0	0	1	40	40	1	1.61e-15	75.0
A00470:566:HF2L2DRX3:1:1106:19985:36448_TTTCCACTAC	gnl|uv|NGB00119.1:1-81	100.000	39	0	0	1	39	43	81	5.80e-15	73.1
A00470:566:HF2L2DRX3:1:1109:13720:10316_CCCCCCCATC	gnl|uv|J01749.1:1-4361-49	98.361	61	1	0	3	63	2635	2575	1.41e-25	108
A00470:566:HF2L2DRX3:1:1109:13720:10316_CCCCCCCATC	gnl|uv|U03436.1:2412-2593	96.774	62	1	1	2	63	138	78	6.58e-24	102
A00470:566:HF2L2DRX3:1:1109:13720:10316_CCCCCCCATC	gnl|uv|AY423864.1:1062-1160	96.721	61	2	0	3	63	33	93	6.58e-24	102
A00470:566:HF2L2DRX3:1:1109:13720:10316_CCCCCCCATC	gnl|uv|NGB00029.1:434-543	96.721	61	2	0	3	63	36	96	6.58e-24	102
A00470:566:HF2L2DRX3:1:1109:13720:10316_CCCCCCCATC	gnl|uv|X65279.1:1742-1837	96.774	62	1	1	3	63	14	75	6.58e-24	102
A00470:566:HF2L2DRX3:1:1138:23909:5165_GGCCCTACTG	gnl|uv|U64449.2:2210-2807	100.000	32	0	0	1	32	11	42	1.40e-11	60.2
A00470:566:HF2L2DRX3:1:1138:23909:5165_GGCCCTACTG	gnl|uv|NGB00030.1:1033-1606	100.000	32	0	0	1	32	470	501	1.40e-11	60.2
A00470:566:HF2L2DRX3:1:1117:13214:22153_GCCATGACAC	gnl|uv|NGB00053.1:845-1060	100.000	29	0	0	2	30	163	191	8.57e-10	54.7
A00470:566:HF2L2DRX3:1:1117:13214:22153_GCCATGACAC	gnl|uv|NGB00108.1:1-243	100.000	29	0	0	2	30	211	239	8.57e-10	54.7
A00470:566:HF2L2DRX3:1:1117:28863:25175_GGCTGAACTA	gnl|uv|KF947528.1:1-174	97.015	67	0	1	1	65	47	113	1.14e-26	111
A00470:566:HF2L2DRX3:1:1117:28863:25175_GGCTGAACTA	gnl|uv|U64449.2:1961-2114	100.000	43	0	0	1	43	112	154	3.22e-17	80.5
A00470:566:HF2L2DRX3:1:1117:28863:25175_GGCTGAACTA	gnl|uv|U89673.1:1-84	100.000	38	0	0	1	38	47	84	1.94e-14	71.3
A00470:566:HF2L2DRX3:1:1117:28863:25175_GGCTGAACTA	gnl|uv|NGB00403.1:2565-2775	100.000	34	0	0	1	34	141	108	3.24e-12	63.9
A00470:566:HF2L2DRX3:1:1117:28863:25175_GGCTGAACTA	gnl|uv|KP064031.1:1995-2090	100.000	34	0	0	1	34	15	48	3.24e-12	63.9
A00470:566:HF2L2DRX3:1:1142:3287:3771_AGACAACAGC	gnl|uv|GU339052.1:1094-1318	97.727	44	0	1	5	48	103	61	9.66e-16	75.0
A00470:566:HF2L2DRX3:1:1143:8477:22874_TAAACTGTTG	gnl|uv|J02400.1:1-5243-49	100.000	67	0	0	2	68	3742	3676	1.52e-30	124
A00470:566:HF2L2DRX3:1:1122:11297:1204_TAGGCAAATA	gnl|uv|J01749.1:1-4361-49	96.721	61	0	1	6	64	3354	3414	2.42e-23	100
A00470:566:HF2L2DRX3:1:1122:11297:1204_TAGGCAAATA	gnl|uv|U03436.1:3230-3328	95.082	61	1	2	6	64	39	99	1.12e-21	95.3
A00470:566:HF2L2DRX3:1:1122:11297:1204_TAGGCAAATA	gnl|uv|EU496089.1:1-376	95.082	61	1	1	6	64	247	307	1.12e-21	95.3
A00470:566:HF2L2DRX3:1:1122:11297:1204_TAGGCAAATA	gnl|uv|L19899.1:1565-1749	93.651	63	0	2	6	64	54	116	1.45e-20	91.6
A00470:566:HF2L2DRX3:1:1122:11297:1204_TAGGCAAATA	gnl|uv|JQ895026.1:4687-4785	94.737	57	1	1	10	64	99	43	1.88e-19	87.9
A00470:566:HF2L2DRX3:1:1122:25771:31375_GCATATCTAC	gnl|uv|KF947528.1:4787-5103	100.000	46	0	0	1	46	112	157	4.18e-19	86.1
A00470:566:HF2L2DRX3:1:1150:9417:30608_CCTCAGCCGC	gnl|uv|J01749.1:1-4361-49	98.077	52	1	0	2	53	3142	3193	1.11e-20	91.6
A00470:566:HF2L2DRX3:1:1150:9417:30608_CCTCAGCCGC	gnl|uv|J01783.1:2889-2983	97.959	49	1	0	3	51	47	95	5.18e-19	86.1
A00470:566:HF2L2DRX3:1:1150:9417:30608_CCTCAGCCGC	gnl|uv|L05669.1:3965-4149	97.959	49	1	0	3	51	49	1	5.18e-19	86.1
A00470:566:HF2L2DRX3:1:1150:9417:30608_CCTCAGCCGC	gnl|uv|AB095955.1:2407-3399	97.959	49	1	0	4	52	945	993	5.18e-19	86.1
A00470:566:HF2L2DRX3:1:1150:9417:30608_CCTCAGCCGC	gnl|uv|NGB00403.1:3822-3916	97.917	48	1	0	4	51	48	1	1.86e-18	84.2
A00470:566:HF2L2DRX3:1:1151:22842:34569_GCGGGATATT	gnl|uv|NGB00053.1:845-1060	92.683	41	0	1	1	38	162	202	2.37e-10	56.5
A00470:566:HF2L2DRX3:1:1151:22842:34569_GCGGGATATT	gnl|uv|NGB00108.1:1-243	100.000	30	0	0	1	30	210	239	2.37e-10	56.5
A00470:566:HF2L2DRX3:1:1152:21847:17002_CTCAGTGGAG	gnl|uv|DQ133906.1:2593-3425-49	98.734	79	1	0	1	79	447	525	1.84e-35	141
A00470:566:HF2L2DRX3:1:1152:21847:17002_CTCAGTGGAG	gnl|uv|X70478.1:4174-4271	97.872	47	1	0	1	47	47	1	1.13e-17	82.4
A00470:566:HF2L2DRX3:1:1152:21847:17002_CTCAGTGGAG	gnl|uv|U62637.1:2241-2393	100.000	40	0	0	40	79	1	40	1.89e-15	75.0
A00470:566:HF2L2DRX3:1:1152:31901:28682_GGCTGATAAC	gnl|uv|GU339052.1:1094-1318	94.872	78	3	1	3	79	145	68	2.39e-29	121
A00470:566:HF2L2DRX3:1:1123:23303:36025_CACTTCTGAC	gnl|uv|DQ133906.1:2593-3425-49	100.000	65	0	0	1	65	488	552	2.04e-29	121
A00470:566:HF2L2DRX3:1:1123:23303:36025_CACTTCTGAC	gnl|uv|U62637.1:2241-2393	98.462	65	0	1	1	65	3	66	3.42e-27	113
A00470:566:HF2L2DRX3:1:1123:23303:36025_CACTTCTGAC	gnl|uv|GU339052.1:1094-1318	100.000	41	0	0	25	65	49	9	4.48e-16	76.8
A00470:566:HF2L2DRX3:1:1123:23303:36025_CACTTCTGAC	gnl|uv|HQ245711.1:13422-13527	100.000	37	0	0	29	65	58	94	7.50e-14	69.4
A00470:566:HF2L2DRX3:1:1124:26033:32925_AATGTAGGGT	gnl|uv|NGB00030.1:1033-1606	100.000	36	0	0	1	36	285	320	1.05e-13	67.6
A00470:566:HF2L2DRX3:1:1154:6903:7122_GTACACAAAA	gnl|uv|KF947528.1:1-174	96.154	78	3	0	1	78	15	92	1.41e-31	128
A00470:566:HF2L2DRX3:1:1154:6903:7122_GTACACAAAA	gnl|uv|U89673.1:1-84	97.143	70	2	0	1	70	15	84	8.47e-29	119
A00470:566:HF2L2DRX3:1:1154:6903:7122_GTACACAAAA	gnl|uv|U64449.2:1961-2114	100.000	49	0	0	27	75	106	154	1.85e-20	91.6
A00470:566:HF2L2DRX3:1:1154:6903:7122_GTACACAAAA	gnl|uv|U47102.2:2880-2977	96.154	52	2	0	14	65	52	1	8.59e-19	86.1
A00470:566:HF2L2DRX3:1:1154:6903:7122_GTACACAAAA	gnl|uv|NGB00403.1:2565-2775	100.000	45	0	0	22	66	152	108	3.09e-18	84.2
A00470:566:HF2L2DRX3:1:1133:22480:36730_ATGCCGGTAT	gnl|uv|DQ133906.1:2593-3425-49	97.468	79	2	0	1	79	447	525	8.55e-34	135
A00470:566:HF2L2DRX3:1:1133:22480:36730_ATGCCGGTAT	gnl|uv|X70478.1:4174-4271	95.745	47	2	0	1	47	47	1	5.26e-16	76.8
A00470:566:HF2L2DRX3:1:1133:22480:36730_ATGCCGGTAT	gnl|uv|U62637.1:2241-2393	100.000	40	0	0	40	79	1	40	1.89e-15	75.0
A00470:566:HF2L2DRX3:1:1134:15790:7420_AACACCGCCT	gnl|uv|J01749.1:1-4361-49	100.000	78	0	0	2	79	2721	2644	1.42e-36	145
A00470:566:HF2L2DRX3:1:1134:15790:7420_AACACCGCCT	gnl|uv|U04894.1:2016-2114	98.718	78	1	0	2	79	81	4	6.61e-35	139
A00470:566:HF2L2DRX3:1:1134:15790:7420_AACACCGCCT	gnl|uv|EU496103.1:3572-3670	98.718	78	1	0	2	79	11	88	6.61e-35	139
A00470:566:HF2L2DRX3:1:1134:15790:7420_AACACCGCCT	gnl|uv|JX560334.1:1797-1895	98.718	78	1	0	2	79	15	92	6.61e-35	139
A00470:566:HF2L2DRX3:1:1134:15790:7420_AACACCGCCT	gnl|uv|M34519.1:1746-1844	98.592	71	1	0	2	72	29	99	5.15e-31	126
A00470:566:HF2L2DRX3:1:1235:3857:31532_CGGCAGATAC	gnl|uv|DQ133906.1:2593-3425-49	100.000	67	0	0	1	67	486	552	1.61e-30	124
A00470:566:HF2L2DRX3:1:1235:3857:31532_CGGCAGATAC	gnl|uv|U62637.1:2241-2393	98.507	67	0	1	1	67	1	66	2.69e-28	117
A00470:566:HF2L2DRX3:1:1235:3857:31532_CGGCAGATAC	gnl|uv|GU339052.1:1094-1318	100.000	41	0	0	27	67	49	9	4.57e-16	76.8
A00470:566:HF2L2DRX3:1:1235:3857:31532_CGGCAGATAC	gnl|uv|HQ245711.1:13422-13527	100.000	37	0	0	31	67	58	94	7.64e-14	69.4
A00470:566:HF2L2DRX3:1:1235:5249:35352_CAGAACCCAT	gnl|uv|DQ133906.1:2593-3425-49	98.734	79	1	0	1	79	447	525	1.84e-35	141
A00470:566:HF2L2DRX3:1:1235:5249:35352_CAGAACCCAT	gnl|uv|X70478.1:4174-4271	97.872	47	1	0	1	47	47	1	1.13e-17	82.4
A00470:566:HF2L2DRX3:1:1235:5249:35352_CAGAACCCAT	gnl|uv|U62637.1:2241-2393	100.000	40	0	0	40	79	1	40	1.89e-15	75.0
A00470:566:HF2L2DRX3:1:1236:15501:32565_GCCCACCAGC	gnl|uv|DQ133906.1:2593-3425-49	97.468	79	2	0	1	79	447	525	8.55e-34	135
A00470:566:HF2L2DRX3:1:1236:15501:32565_GCCCACCAGC	gnl|uv|X70478.1:4174-4271	95.745	47	2	0	1	47	47	1	5.26e-16	76.8
A00470:566:HF2L2DRX3:1:1236:15501:32565_GCCCACCAGC	gnl|uv|U62637.1:2241-2393	100.000	40	0	0	40	79	1	40	1.89e-15	75.0
A00470:566:HF2L2DRX3:1:1157:9010:5603_CAATGGTGAT	gnl|uv|NGB00053.1:845-1060	100.000	33	0	0	14	46	159	191	8.73e-12	62.1
A00470:566:HF2L2DRX3:1:1157:9010:5603_CAATGGTGAT	gnl|uv|NGB00108.1:1-243	100.000	33	0	0	14	46	207	239	8.73e-12	62.1
A00470:566:HF2L2DRX3:1:1157:9010:5603_CAATGGTGAT	gnl|uv|GU339052.1:1094-1318	100.000	30	0	0	1	30	86	57	4.06e-10	56.5
A00470:566:HF2L2DRX3:1:1158:11993:31187_CCCAGGCAAT	gnl|uv|DQ133906.1:2593-3425-49	100.000	77	0	0	2	78	466	542	5.03e-36	143
A00470:566:HF2L2DRX3:1:1158:11993:31187_CCCAGGCAAT	gnl|uv|U62637.1:2241-2393	98.246	57	0	1	22	78	1	56	1.10e-22	99.0
A00470:566:HF2L2DRX3:1:1158:11993:31187_CCCAGGCAAT	gnl|uv|GU339052.1:1094-1318	100.000	31	0	0	48	78	49	19	1.87e-10	58.4
A00470:566:HF2L2DRX3:1:1158:11993:31187_CCCAGGCAAT	gnl|uv|X70478.1:4174-4271	100.000	28	0	0	2	29	28	1	8.72e-09	52.8
A00470:566:HF2L2DRX3:1:1158:25220:12070_GACGATTTCA	gnl|uv|AF067646.1:554-668	96.970	33	1	0	1	33	20	52	6.96e-10	56.5
A00470:566:HF2L2DRX3:1:1158:25220:12070_GACGATTTCA	gnl|uv|AF041247.1:4293-4739	100.000	29	0	0	1	29	77	105	2.50e-09	54.7
A00470:566:HF2L2DRX3:1:1158:25220:12070_GACGATTTCA	gnl|uv|U19277.1:556-715	100.000	29	0	0	1	29	12	40	2.50e-09	54.7
A00470:566:HF2L2DRX3:1:1158:25220:12070_GACGATTTCA	gnl|uv|FJ710109.1:22598-22714	100.000	29	0	0	1	29	98	70	2.50e-09	54.7
A00470:566:HF2L2DRX3:1:1158:25220:12070_GACGATTTCA	gnl|uv|U37573.1:955-1950	100.000	29	0	0	1	29	375	347	2.50e-09	54.7
A00470:566:HF2L2DRX3:1:1212:30029:27821_TGCTGAGTAT	gnl|uv|J01749.1:1-4361-49	97.368	76	2	0	1	76	3832	3907	3.85e-32	130
A00470:566:HF2L2DRX3:1:1212:30029:27821_TGCTGAGTAT	gnl|uv|L09145.1:67-192	93.506	77	3	2	1	76	123	48	3.88e-27	113
A00470:566:HF2L2DRX3:1:1212:30029:27821_TGCTGAGTAT	gnl|uv|NGB00412.1:2452-2606	92.105	76	6	0	1	76	146	71	1.80e-25	108
A00470:566:HF2L2DRX3:1:1212:30029:27821_TGCTGAGTAT	gnl|uv|S52444.1:2124-2300	96.000	50	2	0	1	50	81	130	1.09e-17	82.4
A00470:566:HF2L2DRX3:1:1212:30029:27821_TGCTGAGTAT	gnl|uv|DQ657243.1:2908-3006	95.833	48	2	0	29	76	99	52	1.41e-16	78.7
A00470:566:HF2L2DRX3:1:1215:11912:18771_TATGTTCGCC	gnl|uv|DQ133906.1:2593-3425-49	97.260	73	0	1	1	71	485	557	5.79e-30	122
A00470:566:HF2L2DRX3:1:1215:11912:18771_TATGTTCGCC	gnl|uv|U62637.1:2241-2393	95.775	71	2	1	2	71	1	71	3.48e-27	113
A00470:566:HF2L2DRX3:1:1215:24740:9204_TAAACGGCTG	gnl|uv|AF416744.1:635-951	97.403	77	1	1	1	76	190	266	3.78e-32	130
A00470:566:HF2L2DRX3:1:1215:24740:9204_TAAACGGCTG	gnl|uv|AF090453.1:2872-3156	96.104	77	2	1	1	76	199	275	1.76e-30	124
A00470:566:HF2L2DRX3:1:1215:24740:9204_TAAACGGCTG	gnl|uv|KF947528.1:4787-5103	97.826	46	1	0	31	76	1	46	3.86e-17	80.5
A00470:566:HF2L2DRX3:1:1244:22462:6355_TTTGGATGCT	gnl|uv|U37573.1:955-1950	100.000	70	0	0	1	70	528	459	3.39e-32	130
A00470:566:HF2L2DRX3:1:1244:22462:6355_TTTGGATGCT	gnl|uv|U47119.2:606-846	100.000	31	0	0	40	70	1	31	1.62e-10	58.4
A00470:566:HF2L2DRX3:1:1253:11297:1141_ATTGACATGA	gnl|uv|U37573.1:955-1950	100.000	79	0	0	1	79	904	826	3.95e-37	147
A00470:566:HF2L2DRX3:1:1253:11297:1141_ATTGACATGA	gnl|uv|U64448.1:1060-1196	96.203	79	2	1	1	79	33	110	1.43e-31	128
A00470:566:HF2L2DRX3:1:1253:11297:1141_ATTGACATGA	gnl|uv|NGB00046.1:1474-1603	100.000	49	0	0	24	72	49	1	1.88e-20	91.6
A00470:566:HF2L2DRX3:1:1253:11297:1141_ATTGACATGA	gnl|uv|NGB00044.1:1476-1667	100.000	47	0	0	24	70	47	1	2.43e-19	87.9
A00470:566:HF2L2DRX3:1:1253:11297:1141_ATTGACATGA	gnl|uv|U02451.1:1-68	100.000	42	0	0	24	65	27	68	1.46e-16	78.7
A00470:566:HF2L2DRX3:1:1255:17002:36323_CCCTCGTATT	gnl|uv|U89673.1:5242-5257-49	91.837	49	0	1	4	52	45	1	6.56e-13	65.8
A00470:566:HF2L2DRX3:1:1255:17002:36323_CCCTCGTATT	gnl|uv|KF947528.1:7185-7232-49	91.837	49	0	1	4	52	77	33	6.56e-13	65.8
A00470:566:HF2L2DRX3:1:1223:14977:16063_CCTCATATTG	gnl|uv|DQ133906.1:2593-3425-49	100.000	79	0	0	1	79	460	538	3.95e-37	147
A00470:566:HF2L2DRX3:1:1223:14977:16063_CCTCATATTG	gnl|uv|U62637.1:2241-2393	98.113	53	1	0	27	79	1	53	5.22e-21	93.5
A00470:566:HF2L2DRX3:1:1223:14977:16063_CCTCATATTG	gnl|uv|X70478.1:4174-4271	100.000	34	0	0	1	34	34	1	4.09e-12	63.9
A00470:566:HF2L2DRX3:1:1258:29568:36949_CGGCACACAG	gnl|uv|DQ133906.1:2593-3425-49	100.000	78	0	0	1	78	476	553	1.40e-36	145
A00470:566:HF2L2DRX3:1:1258:29568:36949_CGGCACACAG	gnl|uv|U62637.1:2241-2393	98.529	68	0	1	11	78	1	67	8.47e-29	119
A00470:566:HF2L2DRX3:1:1258:29568:36949_CGGCACACAG	gnl|uv|GU339052.1:1094-1318	100.000	42	0	0	37	78	49	8	1.44e-16	78.7
A00470:566:HF2L2DRX3:1:1258:29568:36949_CGGCACACAG	gnl|uv|HQ245711.1:13422-13527	100.000	38	0	0	41	78	58	95	2.41e-14	71.3
A00470:566:HF2L2DRX3:1:1226:1325:15937_TCTTGCTACG	gnl|uv|DQ133906.1:2593-3425-49	98.734	79	1	0	1	79	447	525	1.84e-35	141
A00470:566:HF2L2DRX3:1:1226:1325:15937_TCTTGCTACG	gnl|uv|X70478.1:4174-4271	97.872	47	1	0	1	47	47	1	1.13e-17	82.4
A00470:566:HF2L2DRX3:1:1226:1325:15937_TCTTGCTACG	gnl|uv|U62637.1:2241-2393	100.000	40	0	0	40	79	1	40	1.89e-15	75.0
A00470:566:HF2L2DRX3:1:1229:28565:1141_ACCCCCGCAG	gnl|uv|U37573.1:955-1950	100.000	78	0	0	2	79	823	900	1.42e-36	145
A00470:566:HF2L2DRX3:1:1229:28565:1141_ACCCCCGCAG	gnl|uv|U64448.1:1060-1196	96.154	78	2	1	2	79	113	37	5.15e-31	126
A00470:566:HF2L2DRX3:1:1229:28565:1141_ACCCCCGCAG	gnl|uv|NGB00046.1:1474-1603	100.000	49	0	0	12	60	1	49	1.88e-20	91.6
A00470:566:HF2L2DRX3:1:1229:28565:1141_ACCCCCGCAG	gnl|uv|NGB00044.1:1476-1667	100.000	47	0	0	14	60	1	47	2.43e-19	87.9
A00470:566:HF2L2DRX3:1:1229:28565:1141_ACCCCCGCAG	gnl|uv|U02451.1:1-68	100.000	42	0	0	19	60	68	27	1.46e-16	78.7
A00470:566:HF2L2DRX3:1:1263:2844:21261_TGATGGCCGG	gnl|uv|J01749.1:1-4361-49	100.000	64	0	0	1	64	3774	3711	6.67e-29	119
A00470:566:HF2L2DRX3:1:1263:2844:21261_TGATGGCCGG	gnl|uv|D14640.1:1724-1822	98.438	64	1	0	1	64	87	24	3.10e-27	113
A00470:566:HF2L2DRX3:1:1263:2844:21261_TGATGGCCGG	gnl|uv|AF532109.1:742-919	98.438	64	1	0	1	64	97	160	3.10e-27	113
A00470:566:HF2L2DRX3:1:1263:2844:21261_TGATGGCCGG	gnl|uv|DQ133906.1:1291-1389	98.438	64	1	0	1	64	13	76	3.10e-27	113
A00470:566:HF2L2DRX3:1:1263:2844:21261_TGATGGCCGG	gnl|uv|JQ895026.1:4321-4512	100.000	60	0	0	5	64	53	112	1.12e-26	111
A00470:566:HF2L2DRX3:1:1234:26612:17581_GAGCAAAATA	gnl|uv|AF532109.1:1058-1367	100.000	51	0	0	2	52	237	187	8.37e-22	95.3
A00470:566:HF2L2DRX3:1:1234:26612:17581_GAGCAAAATA	gnl|uv|J01749.1:1-4361-49	100.000	51	0	0	2	52	3318	3368	8.37e-22	95.3
A00470:566:HF2L2DRX3:1:1234:26612:17581_GAGCAAAATA	gnl|uv|KJ541666.1:3541-3639	98.039	51	1	0	2	52	29	79	3.90e-20	89.8
A00470:566:HF2L2DRX3:1:1234:26612:17581_GAGCAAAATA	gnl|uv|U03436.1:3230-3328	98.039	51	1	0	2	52	3	53	3.90e-20	89.8
A00470:566:HF2L2DRX3:1:1234:26612:17581_GAGCAAAATA	gnl|uv|L08953.1:1438-1533	98.077	52	0	1	2	52	26	77	3.90e-20	89.8
A00470:566:HF2L2DRX3:1:2124:9824:8923_CGGGGATTCT	gnl|uv|GU339052.1:1094-1318	94.286	70	2	2	1	68	141	72	5.50e-25	106
A00470:566:HF2L2DRX3:1:2129:26386:12211_TTCGGCCAAC	gnl|uv|J01749.1:1-4361-49	98.214	56	1	0	1	56	351	406	7.21e-23	99.0
A00470:566:HF2L2DRX3:1:2129:26386:12211_TTCGGCCAAC	gnl|uv|NGB00034.1:4566-4664	96.429	56	2	0	1	56	78	23	3.36e-21	93.5
A00470:566:HF2L2DRX3:1:2129:26386:12211_TTCGGCCAAC	gnl|uv|EU496104.1:1815-2234	94.643	56	3	0	1	56	286	341	1.56e-19	87.9
A00470:566:HF2L2DRX3:1:2129:26386:12211_TTCGGCCAAC	gnl|uv|EF036510.1:3131-3650	100.000	29	0	0	1	29	501	473	1.58e-09	54.7
A00470:566:HF2L2DRX3:1:2129:26386:12211_TTCGGCCAAC	gnl|uv|Z46234.1:664-3443	100.000	29	0	0	1	29	19	47	1.58e-09	54.7
A00470:566:HF2L2DRX3:1:2129:8965:35274_TGGGGGCCAT	gnl|uv|J01749.1:1-4361-49	98.333	60	0	1	3	61	3664	3723	1.75e-24	104
A00470:566:HF2L2DRX3:1:2129:8965:35274_TGGGGGCCAT	gnl|uv|JQ895026.1:4321-4512	96.667	60	1	1	3	61	159	100	8.14e-23	99.0
A00470:566:HF2L2DRX3:1:2129:8965:35274_TGGGGGCCAT	gnl|uv|U03436.1:3569-3667	96.667	60	1	1	3	61	10	69	8.14e-23	99.0
A00470:566:HF2L2DRX3:1:2129:8965:35274_TGGGGGCCAT	gnl|uv|EU496089.1:401-757	95.000	60	2	1	3	61	157	216	3.79e-21	93.5
A00470:566:HF2L2DRX3:1:2129:8965:35274_TGGGGGCCAT	gnl|uv|AF016889.1:470-568	96.296	54	1	1	3	55	46	99	1.76e-19	87.9
A00470:566:HF2L2DRX3:1:1251:12481:2347_GGCAGGAGTG	gnl|uv|DQ133906.1:2593-3425-49	100.000	70	0	0	1	70	488	557	3.39e-32	130
A00470:566:HF2L2DRX3:1:1251:12481:2347_GGCAGGAGTG	gnl|uv|U62637.1:2241-2393	98.571	70	0	1	1	70	3	71	5.68e-30	122
A00470:566:HF2L2DRX3:1:1251:12481:2347_GGCAGGAGTG	gnl|uv|GU339052.1:1094-1318	100.000	46	0	0	25	70	49	4	7.45e-19	86.1
A00470:566:HF2L2DRX3:1:1251:12481:2347_GGCAGGAGTG	gnl|uv|HQ245711.1:13422-13527	100.000	42	0	0	29	70	58	99	1.25e-16	78.7
A00470:566:HF2L2DRX3:1:2102:2148:19805_AAATGCTTAC	gnl|uv|EU496089.1:999-1588	100.000	45	0	0	1	45	61	105	1.45e-18	84.2
A00470:566:HF2L2DRX3:1:2102:2148:19805_AAATGCTTAC	gnl|uv|NGB00583.1:3798-3896	100.000	45	0	0	1	45	55	99	1.45e-18	84.2
A00470:566:HF2L2DRX3:1:2102:2148:19805_AAATGCTTAC	gnl|uv|NGB00046.1:1680-1794	100.000	45	0	0	1	45	45	1	1.45e-18	84.2
A00470:566:HF2L2DRX3:1:2102:2148:19805_AAATGCTTAC	gnl|uv|J01749.1:1-4361-49	100.000	45	0	0	1	45	4166	4210	1.45e-18	84.2
A00470:566:HF2L2DRX3:1:2102:2148:19805_AAATGCTTAC	gnl|uv|L08859.1:3272-3370	97.778	45	1	0	1	45	39	83	6.75e-17	78.7
A00470:566:HF2L2DRX3:1:2103:4725:19132_TGCCCCCAAC	gnl|uv|KF947528.1:4787-5103	97.778	45	0	1	1	44	69	113	2.34e-16	76.8
A00470:566:HF2L2DRX3:1:2104:20220:32690_CACCCAGACC	gnl|uv|J01749.1:1-4361-49	98.305	59	1	0	1	59	3270	3328	1.67e-24	104
A00470:566:HF2L2DRX3:1:2104:20220:32690_CACCCAGACC	gnl|uv|JQ895026.1:4799-4895	96.667	60	1	1	1	59	76	17	7.77e-23	99.0
A00470:566:HF2L2DRX3:1:2104:20220:32690_CACCCAGACC	gnl|uv|AF416744.1:2480-2576	96.610	59	1	1	1	59	60	3	2.79e-22	97.1
A00470:566:HF2L2DRX3:1:2104:20220:32690_CACCCAGACC	gnl|uv|U64448.1:6946-7041	91.525	59	5	0	1	59	32	90	7.82e-18	82.4
A00470:566:HF2L2DRX3:1:2104:20220:32690_CACCCAGACC	gnl|uv|JQ394798.1:2603-2704	89.831	59	5	1	1	59	70	13	1.31e-15	75.0
A00470:566:HF2L2DRX3:1:2105:23421:9580_CGCCGATAAT	gnl|uv|X65312.3:1831-1929	100.000	62	0	0	1	62	32	93	8.26e-28	115
A00470:566:HF2L2DRX3:1:2105:23421:9580_CGCCGATAAT	gnl|uv|AF129072.1:4551-4649	98.387	62	1	0	1	62	62	1	3.84e-26	110
A00470:566:HF2L2DRX3:1:2105:23421:9580_CGCCGATAAT	gnl|uv|EU496089.1:776-994	98.387	62	1	0	1	62	10	71	3.84e-26	110
A00470:566:HF2L2DRX3:1:2105:23421:9580_CGCCGATAAT	gnl|uv|J01749.1:1-4361-49	98.387	62	1	0	1	62	3892	3953	3.84e-26	110
A00470:566:HF2L2DRX3:1:2105:23421:9580_CGCCGATAAT	gnl|uv|L08919.1:3396-3494	98.361	61	1	0	1	61	39	99	1.38e-25	108
A00470:566:HF2L2DRX3:1:2110:28709:24032_GCTCAGACAT	gnl|uv|NGB00030.1:1033-1606	98.718	78	1	0	2	79	507	430	6.61e-35	139
A00470:566:HF2L2DRX3:1:2110:28709:24032_GCTCAGACAT	gnl|uv|U64449.2:2210-2807	97.917	48	1	0	2	49	48	1	3.14e-18	84.2
A00470:566:HF2L2DRX3:1:2111:14561:1783_ACTGCCAAGT	gnl|uv|NGB00030.1:1033-1606	100.000	63	0	0	1	63	497	435	2.35e-28	117
A00470:566:HF2L2DRX3:1:2111:14561:1783_ACTGCCAAGT	gnl|uv|U64449.2:2210-2807	100.000	38	0	0	1	38	38	1	1.85e-14	71.3
A00470:566:HF2L2DRX3:1:2113:10022:17816_TCTATAGCGA	gnl|uv|KF947528.1:1-174	100.000	74	0	0	1	74	38	111	2.18e-34	137
A00470:566:HF2L2DRX3:1:2113:10022:17816_TCTATAGCGA	gnl|uv|U64449.2:1961-2114	100.000	49	0	0	4	52	106	154	1.72e-20	91.6
A00470:566:HF2L2DRX3:1:2113:10022:17816_TCTATAGCGA	gnl|uv|U89673.1:1-84	100.000	47	0	0	1	47	38	84	2.23e-19	87.9
A00470:566:HF2L2DRX3:1:2113:10022:17816_TCTATAGCGA	gnl|uv|NGB00403.1:2565-2775	100.000	43	0	0	1	43	150	108	3.73e-17	80.5
A00470:566:HF2L2DRX3:1:2113:10022:17816_TCTATAGCGA	gnl|uv|KP064031.1:1995-2090	100.000	43	0	0	1	43	6	48	3.73e-17	80.5
A00470:566:HF2L2DRX3:1:2144:15953:30279_GGCCTGATCA	gnl|uv|DQ133906.1:2593-3425-49	98.734	79	1	0	1	79	447	525	1.84e-35	141
A00470:566:HF2L2DRX3:1:2144:15953:30279_GGCCTGATCA	gnl|uv|X70478.1:4174-4271	97.872	47	1	0	1	47	47	1	1.13e-17	82.4
A00470:566:HF2L2DRX3:1:2144:15953:30279_GGCCTGATCA	gnl|uv|U62637.1:2241-2393	100.000	40	0	0	40	79	1	40	1.89e-15	75.0
A00470:566:HF2L2DRX3:1:1246:3531:32722_TCCGGCTTGT	gnl|uv|AF532109.1:1058-1367	97.436	78	1	1	1	77	150	73	1.07e-32	132
A00470:566:HF2L2DRX3:1:1246:3531:32722_TCCGGCTTGT	gnl|uv|J01749.1:1-4361-49	97.436	78	1	1	1	77	3405	3482	1.07e-32	132
A00470:566:HF2L2DRX3:1:1246:3531:32722_TCCGGCTTGT	gnl|uv|L19899.1:1565-1749	96.203	79	1	2	1	77	107	185	1.38e-31	128
A00470:566:HF2L2DRX3:1:1246:3531:32722_TCCGGCTTGT	gnl|uv|KF947528.1:6331-6429	96.154	78	2	1	1	77	18	95	4.98e-31	126
A00470:566:HF2L2DRX3:1:1246:3531:32722_TCCGGCTTGT	gnl|uv|U07164.1:360-458	96.154	78	2	1	1	77	82	5	4.98e-31	126
A00470:566:HF2L2DRX3:1:1247:14561:5447_ACATGGAGCA	gnl|uv|DQ133906.1:2593-3425-49	92.771	83	2	2	1	79	447	529	3.10e-28	117
A00470:566:HF2L2DRX3:1:1247:14561:5447_ACATGGAGCA	gnl|uv|U62637.1:2241-2393	93.182	44	0	1	39	79	1	44	1.47e-11	62.1
A00470:566:HF2L2DRX3:1:2109:8486:1251_AGGGGGCCTA	gnl|uv|AF090453.1:2872-3156	100.000	51	0	0	3	53	150	200	8.61e-22	95.3
A00470:566:HF2L2DRX3:1:2109:8486:1251_AGGGGGCCTA	gnl|uv|AF416744.1:635-951	100.000	51	0	0	3	53	141	191	8.61e-22	95.3
A00470:566:HF2L2DRX3:1:2109:8486:1251_AGGGGGCCTA	gnl|uv|NGB00053.1:845-1060	98.077	52	1	0	2	53	165	216	1.11e-20	91.6
A00470:566:HF2L2DRX3:1:2109:8486:1251_AGGGGGCCTA	gnl|uv|KF947528.1:4361-4749	100.000	43	0	0	3	45	347	389	2.41e-17	80.5
A00470:566:HF2L2DRX3:1:2109:8486:1251_AGGGGGCCTA	gnl|uv|AF092169.1:2336-2398	100.000	40	0	0	3	42	40	1	1.12e-15	75.0
A00470:566:HF2L2DRX3:1:2148:30662:18865_TTAGCCGGTG	gnl|uv|U47119.2:349-589	100.000	30	0	0	2	31	231	202	1.70e-10	56.5
A00470:566:HF2L2DRX3:1:2148:30662:18865_TTAGCCGGTG	gnl|uv|U37573.1:955-1950	100.000	30	0	0	2	31	516	545	1.70e-10	56.5
A00470:566:HF2L2DRX3:1:2124:21947:1423_AAAGGCAAGG	gnl|uv|J01749.1:1-4361-49	97.531	81	1	1	1	80	703	623	2.42e-34	137
A00470:566:HF2L2DRX3:1:2124:21947:1423_AAAGGCAAGG	gnl|uv|NGB00034.1:4293-4481	97.468	79	1	1	3	80	1	79	3.13e-33	134
A00470:566:HF2L2DRX3:1:2124:21947:1423_AAAGGCAAGG	gnl|uv|U47103.2:1242-1340	96.296	81	2	1	1	80	95	15	1.12e-32	132
A00470:566:HF2L2DRX3:1:2124:21947:1423_AAAGGCAAGG	gnl|uv|JX560341.2:789-1048	96.296	81	2	1	1	80	193	113	1.12e-32	132
A00470:566:HF2L2DRX3:1:2124:21947:1423_AAAGGCAAGG	gnl|uv|FJ710109.1:23206-23329	100.000	51	0	0	1	51	72	122	1.48e-21	95.3
A00470:566:HF2L2DRX3:1:2128:19877:35571_GCGACTATGT	gnl|uv|AF416744.1:635-951	96.491	57	2	0	1	57	213	269	1.45e-21	95.3
A00470:566:HF2L2DRX3:1:2128:25201:29700_ACAACTCATG	gnl|uv|DQ133906.1:2593-3425-49	100.000	80	0	0	1	80	471	550	1.12e-37	148
A00470:566:HF2L2DRX3:1:2128:25201:29700_ACAACTCATG	gnl|uv|U62637.1:2241-2393	98.462	65	0	1	16	80	1	64	4.07e-27	113
A00470:566:HF2L2DRX3:1:2128:25201:29700_ACAACTCATG	gnl|uv|GU339052.1:1094-1318	100.000	39	0	0	42	80	49	11	6.91e-15	73.1
A00470:566:HF2L2DRX3:1:2128:25201:29700_ACAACTCATG	gnl|uv|HQ245711.1:13422-13527	100.000	35	0	0	46	80	58	92	1.16e-12	65.8
A00470:566:HF2L2DRX3:1:2163:4101:28541_ACCCACTAGT	gnl|uv|DQ133906.1:2593-3425-49	98.734	79	1	0	1	79	447	525	1.84e-35	141
A00470:566:HF2L2DRX3:1:2163:4101:28541_ACCCACTAGT	gnl|uv|X70478.1:4174-4271	97.872	47	1	0	1	47	47	1	1.13e-17	82.4
A00470:566:HF2L2DRX3:1:2163:4101:28541_ACCCACTAGT	gnl|uv|U62637.1:2241-2393	100.000	40	0	0	40	79	1	40	1.89e-15	75.0
A00470:566:HF2L2DRX3:1:2165:21441:25347_GGCATAGACG	gnl|uv|DQ133906.1:2593-3425-49	100.000	76	0	0	2	77	482	557	1.78e-35	141
A00470:566:HF2L2DRX3:1:2165:21441:25347_GGCATAGACG	gnl|uv|U62637.1:2241-2393	98.611	72	0	1	6	77	1	71	4.98e-31	126
A00470:566:HF2L2DRX3:1:2165:21441:25347_GGCATAGACG	gnl|uv|GU339052.1:1094-1318	100.000	46	0	0	32	77	49	4	8.45e-19	86.1
A00470:566:HF2L2DRX3:1:2165:21441:25347_GGCATAGACG	gnl|uv|HQ245711.1:13422-13527	100.000	42	0	0	36	77	58	99	1.41e-16	78.7
A00470:566:HF2L2DRX3:1:2133:23927:25332_GCCAATCGAA	gnl|uv|J01749.1:1-4361-49	100.000	64	0	0	1	64	3261	3198	6.67e-29	119
A00470:566:HF2L2DRX3:1:2133:23927:25332_GCCAATCGAA	gnl|uv|AB759086.1:2496-2651-46	98.413	63	0	1	1	62	81	143	4.02e-26	110
A00470:566:HF2L2DRX3:1:2133:23927:25332_GCCAATCGAA	gnl|uv|Z50143.1:1384-1504	100.000	49	0	0	16	64	121	73	1.45e-20	91.6
A00470:566:HF2L2DRX3:1:2133:23927:25332_GCCAATCGAA	gnl|uv|KP899255.1:3477-3572	100.000	49	0	0	2	50	1	49	1.45e-20	91.6
A00470:566:HF2L2DRX3:1:2133:23927:25332_GCCAATCGAA	gnl|uv|U35235.1:678-791	100.000	49	0	0	3	51	114	66	1.45e-20	91.6
A00470:566:HF2L2DRX3:1:2171:16423:28307_GATCACCATG	gnl|uv|AF090453.1:2872-3156	100.000	68	0	0	7	74	152	219	4.73e-31	126
A00470:566:HF2L2DRX3:1:2171:16423:28307_GATCACCATG	gnl|uv|AF416744.1:635-951	100.000	68	0	0	7	74	143	210	4.73e-31	126
A00470:566:HF2L2DRX3:1:2171:16423:28307_GATCACCATG	gnl|uv|U89673.1:2672-2806	98.529	68	0	1	7	74	64	130	7.91e-29	119
A00470:566:HF2L2DRX3:1:2171:16423:28307_GATCACCATG	gnl|uv|NGB00053.1:845-1060	100.000	54	0	0	2	55	163	216	2.86e-23	100
A00470:566:HF2L2DRX3:1:2171:16423:28307_GATCACCATG	gnl|uv|KF947528.1:4361-4749	100.000	41	0	0	7	47	349	389	4.83e-16	76.8
A00470:566:HF2L2DRX3:1:2227:9543:30389_GCCAACCGTA	gnl|uv|AF090453.1:2872-3156	100.000	34	0	0	1	34	171	204	1.22e-12	63.9
A00470:566:HF2L2DRX3:1:2227:9543:30389_GCCAACCGTA	gnl|uv|AF416744.1:635-951	100.000	34	0	0	1	34	162	195	1.22e-12	63.9
A00470:566:HF2L2DRX3:1:2227:9543:30389_GCCAACCGTA	gnl|uv|NGB00053.1:845-1060	100.000	30	0	0	1	30	187	216	2.04e-10	56.5
A00470:566:HF2L2DRX3:1:2227:9543:30389_GCCAACCGTA	gnl|uv|U89673.1:2672-2806	97.059	34	0	1	1	34	83	115	2.04e-10	56.5
A00470:566:HF2L2DRX3:1:2136:27109:16031_TGCCTTCCTG	gnl|uv|NGB00030.1:1033-1606	96.104	77	3	0	1	77	411	487	4.98e-31	126
A00470:566:HF2L2DRX3:1:2172:19407:10394_GGCCCACAAT	gnl|uv|U64448.1:1060-1196	96.970	33	0	1	13	44	17	49	1.10e-09	54.7
A00470:566:HF2L2DRX3:1:2172:19407:10394_GGCCCACAAT	gnl|uv|FJ710109.1:23206-23329	96.970	33	0	1	13	44	35	3	1.10e-09	54.7
A00470:566:HF2L2DRX3:1:2172:19407:10394_GGCCCACAAT	gnl|uv|U37573.1:955-1950	96.970	33	0	1	13	44	920	888	1.10e-09	54.7
A00470:566:HF2L2DRX3:1:2172:6831:29857_GACGGGCAAT	gnl|uv|NGB00053.1:845-1060	100.000	57	0	0	4	60	159	215	5.08e-25	106
A00470:566:HF2L2DRX3:1:2172:6831:29857_GACGGGCAAT	gnl|uv|AF090453.1:2872-3156	98.077	52	0	1	13	63	152	203	5.12e-20	89.8
A00470:566:HF2L2DRX3:1:2172:6831:29857_GACGGGCAAT	gnl|uv|AF416744.1:635-951	98.077	52	0	1	13	63	143	194	5.12e-20	89.8
A00470:566:HF2L2DRX3:1:2172:6831:29857_GACGGGCAAT	gnl|uv|KF947528.1:4361-4749	100.000	41	0	0	13	53	349	389	3.99e-16	76.8
A00470:566:HF2L2DRX3:1:2172:6831:29857_GACGGGCAAT	gnl|uv|AF092169.1:2336-2398	100.000	38	0	0	13	50	38	1	1.85e-14	71.3
A00470:566:HF2L2DRX3:1:2201:27868:14340_TGGCAACAAT	gnl|uv|NGB00053.1:845-1060	100.000	30	0	0	1	30	167	196	1.59e-10	56.5
A00470:566:HF2L2DRX3:1:2201:27868:14340_TGGCAACAAT	gnl|uv|AF090453.1:2872-3156	100.000	29	0	0	2	30	152	180	5.71e-10	54.7
A00470:566:HF2L2DRX3:1:2201:27868:14340_TGGCAACAAT	gnl|uv|AF092169.1:2336-2398	100.000	29	0	0	2	30	38	10	5.71e-10	54.7
A00470:566:HF2L2DRX3:1:2201:27868:14340_TGGCAACAAT	gnl|uv|KF947528.1:4361-4749	100.000	29	0	0	2	30	349	377	5.71e-10	54.7
A00470:566:HF2L2DRX3:1:2201:27868:14340_TGGCAACAAT	gnl|uv|AF416744.1:635-951	100.000	29	0	0	2	30	143	171	5.71e-10	54.7
A00470:566:HF2L2DRX3:1:2202:13187:10019_CAGCACTAGA	gnl|uv|DQ133906.1:2593-3425-49	100.000	77	0	0	1	77	481	557	4.94e-36	143
A00470:566:HF2L2DRX3:1:2202:13187:10019_CAGCACTAGA	gnl|uv|U62637.1:2241-2393	98.611	72	0	1	6	77	1	71	4.98e-31	126
A00470:566:HF2L2DRX3:1:2202:13187:10019_CAGCACTAGA	gnl|uv|GU339052.1:1094-1318	100.000	46	0	0	32	77	49	4	8.45e-19	86.1
A00470:566:HF2L2DRX3:1:2202:13187:10019_CAGCACTAGA	gnl|uv|HQ245711.1:13422-13527	100.000	42	0	0	36	77	58	99	1.41e-16	78.7
A00470:566:HF2L2DRX3:1:2145:19913:22701_TTCCCTGCTT	gnl|uv|DQ133906.1:2593-3425-49	100.000	56	0	0	1	56	497	552	1.75e-24	104
A00470:566:HF2L2DRX3:1:2145:19913:22701_TTCCCTGCTT	gnl|uv|U62637.1:2241-2393	98.214	56	0	1	1	56	12	66	2.93e-22	97.1
A00470:566:HF2L2DRX3:1:2145:19913:22701_TTCCCTGCTT	gnl|uv|GU339052.1:1094-1318	100.000	41	0	0	16	56	49	9	3.81e-16	76.8
A00470:566:HF2L2DRX3:1:2145:19913:22701_TTCCCTGCTT	gnl|uv|HQ245711.1:13422-13527	100.000	37	0	0	20	56	58	94	6.38e-14	69.4
A00470:566:HF2L2DRX3:1:2213:8287:22451_TGGCTAACTG	gnl|uv|KF947528.1:1-174	97.500	80	0	1	1	78	59	138	8.41e-34	135
A00470:566:HF2L2DRX3:1:2213:8287:22451_TGGCTAACTG	gnl|uv|NGB00030.1:1033-1606	93.651	63	2	1	18	78	351	413	5.14e-21	93.5
A00470:566:HF2L2DRX3:1:2213:8287:22451_TGGCTAACTG	gnl|uv|U64449.2:1961-2114	100.000	31	0	0	1	31	124	154	1.87e-10	58.4
A00470:566:HF2L2DRX3:1:2216:21377:18223_GAAGCGGGCA	gnl|uv|U09128.1:12430-14537	100.000	70	0	0	1	70	1783	1852	3.39e-32	130
A00470:566:HF2L2DRX3:1:2216:21377:18223_GAAGCGGGCA	gnl|uv|J01636.1:1-7477	100.000	70	0	0	1	70	1196	1127	3.39e-32	130
A00470:566:HF2L2DRX3:1:2216:21377:18223_GAAGCGGGCA	gnl|uv|EF460848.1:4345-4516	98.571	70	1	0	1	70	139	70	1.58e-30	124
A00470:566:HF2L2DRX3:1:2216:21377:18223_GAAGCGGGCA	gnl|uv|NGB00403.1:2565-2775	98.571	70	1	0	1	70	72	3	1.58e-30	124
A00470:566:HF2L2DRX3:1:2216:21377:18223_GAAGCGGGCA	gnl|uv|AY785149.1:8381-8479	98.571	70	1	0	1	70	26	95	1.58e-30	124
A00470:566:HF2L2DRX3:1:2246:3568:11710_TTTACTTTCT	gnl|uv|J01749.1:1-4361-49	98.551	69	0	1	1	68	4075	4007	1.96e-29	121
A00470:566:HF2L2DRX3:1:2246:3568:11710_TTTACTTTCT	gnl|uv|JQ437370.1:1915-3110-49	91.304	69	5	1	1	68	860	792	4.28e-21	93.5
A00470:566:HF2L2DRX3:1:2246:3568:11710_TTTACTTTCT	gnl|uv|Z50143.1:2294-2389	100.000	40	0	0	1	40	40	1	1.55e-15	75.0
A00470:566:HF2L2DRX3:1:2246:3568:11710_TTTACTTTCT	gnl|uv|NGB00119.1:1-81	100.000	39	0	0	1	39	43	81	5.58e-15	73.1
A00470:566:HF2L2DRX3:1:2150:6641:30749_GAGGCCAGTA	gnl|uv|J01749.1:1-4361-49	98.438	64	1	0	1	64	3143	3206	3.10e-27	113
A00470:566:HF2L2DRX3:1:2150:6641:30749_GAGGCCAGTA	gnl|uv|U59231.1:3911-4005	96.875	64	1	1	1	64	21	83	5.19e-25	106
A00470:566:HF2L2DRX3:1:2150:6641:30749_GAGGCCAGTA	gnl|uv|JX560334.1:1281-1375	100.000	49	0	0	15	63	95	47	1.45e-20	91.6
A00470:566:HF2L2DRX3:1:2150:6641:30749_GAGGCCAGTA	gnl|uv|DQ996013.1:2087-3053	96.296	54	1	1	8	61	967	915	1.88e-19	87.9
A00470:566:HF2L2DRX3:1:2150:6641:30749_GAGGCCAGTA	gnl|uv|U10490.1:4862-4913	97.959	49	1	0	7	55	1	49	6.77e-19	86.1
A00470:566:HF2L2DRX3:1:2208:14642:8531_TTTGCCTTCT	gnl|uv|J01749.1:1-4361-49	100.000	77	0	0	1	77	4062	4138	4.94e-36	143
A00470:566:HF2L2DRX3:1:2208:14642:8531_TTTGCCTTCT	gnl|uv|X65279.1:244-340	98.701	77	0	1	1	77	86	11	8.27e-34	135
A00470:566:HF2L2DRX3:1:2208:14642:8531_TTTGCCTTCT	gnl|uv|M34519.1:472-1398	98.276	58	1	0	1	58	58	1	8.39e-24	102
A00470:566:HF2L2DRX3:1:2208:14642:8531_TTTGCCTTCT	gnl|uv|M10480.1:36-99	100.000	49	0	0	9	57	49	1	1.82e-20	91.6
A00470:566:HF2L2DRX3:1:2208:14642:8531_TTTGCCTTCT	gnl|uv|EU496089.1:776-994	100.000	40	0	0	1	40	180	219	1.83e-15	75.0
A00470:566:HF2L2DRX3:1:2251:2211:32910_TTGAACGAGG	gnl|uv|J01749.1:1-4361-49	89.796	49	0	1	1	44	2795	2843	8.47e-11	58.4
A00470:566:HF2L2DRX3:1:2251:2211:32910_TTGAACGAGG	gnl|uv|NGB00029.1:270-368	100.000	29	0	0	1	29	40	12	1.10e-09	54.7
A00470:566:HF2L2DRX3:1:2159:16884:4272_ACATCATTAA	gnl|uv|AF090453.1:2872-3156	100.000	65	0	0	7	71	152	216	2.08e-29	121
A00470:566:HF2L2DRX3:1:2159:16884:4272_ACATCATTAA	gnl|uv|AF416744.1:635-951	100.000	65	0	0	7	71	143	207	2.08e-29	121
A00470:566:HF2L2DRX3:1:2159:16884:4272_ACATCATTAA	gnl|uv|U89673.1:2672-2806	98.462	65	0	1	7	71	64	127	3.48e-27	113
A00470:566:HF2L2DRX3:1:2159:16884:4272_ACATCATTAA	gnl|uv|NGB00053.1:845-1060	100.000	55	0	0	1	55	162	216	7.54e-24	102
A00470:566:HF2L2DRX3:1:2159:16884:4272_ACATCATTAA	gnl|uv|KF947528.1:4361-4749	100.000	41	0	0	7	47	349	389	4.57e-16	76.8
A00470:566:HF2L2DRX3:1:2161:31864:13964_GACCCACAAC	gnl|uv|AF041247.1:4293-4739	100.000	49	0	0	1	49	57	105	1.51e-20	91.6
A00470:566:HF2L2DRX3:1:2161:31864:13964_GACCCACAAC	gnl|uv|AF067646.1:554-668	98.077	52	1	0	2	53	1	52	1.51e-20	91.6
A00470:566:HF2L2DRX3:1:2161:31864:13964_GACCCACAAC	gnl|uv|U37573.1:955-1950	100.000	49	0	0	1	49	395	347	1.51e-20	91.6
A00470:566:HF2L2DRX3:1:2161:31864:13964_GACCCACAAC	gnl|uv|FJ710109.1:22598-22714	100.000	48	0	0	2	49	117	70	5.43e-20	89.8
A00470:566:HF2L2DRX3:1:2161:31864:13964_GACCCACAAC	gnl|uv|KF811457.1:694-771	96.000	50	1	1	1	50	7	55	3.27e-17	80.5
A00470:566:HF2L2DRX3:1:2237:26404:25332_TACCCAGAAC	gnl|uv|DQ133906.1:2593-3425-49	98.734	79	1	0	1	79	447	525	1.84e-35	141
A00470:566:HF2L2DRX3:1:2237:26404:25332_TACCCAGAAC	gnl|uv|X70478.1:4174-4271	97.872	47	1	0	1	47	47	1	1.13e-17	82.4
A00470:566:HF2L2DRX3:1:2237:26404:25332_TACCCAGAAC	gnl|uv|U62637.1:2241-2393	100.000	40	0	0	40	79	1	40	1.89e-15	75.0
A00470:566:HF2L2DRX3:1:2239:11885:32878_GCCACCGCCA	gnl|uv|U37573.1:955-1950	100.000	67	0	0	2	68	433	367	1.52e-30	124
A00470:566:HF2L2DRX3:1:2239:11885:32878_GCCACCGCCA	gnl|uv|M28247.1:3435-3533	97.015	67	2	0	2	68	22	88	3.28e-27	113
A00470:566:HF2L2DRX3:1:2239:11885:32878_GCCACCGCCA	gnl|uv|U47119.2:606-846	97.015	67	2	0	2	68	57	123	3.28e-27	113
A00470:566:HF2L2DRX3:1:2239:11885:32878_GCCACCGCCA	gnl|uv|NGB00046.1:585-1063	98.214	56	1	0	13	68	479	424	9.20e-23	99.0
A00470:566:HF2L2DRX3:1:2239:11885:32878_GCCACCGCCA	gnl|uv|AF041247.1:4293-4739	92.537	67	5	0	2	68	19	85	3.31e-22	97.1
A00470:566:HF2L2DRX3:1:2274:30617:10300_CGACACTCGA	gnl|uv|GU339052.1:1094-1318	100.000	30	0	0	49	78	145	116	6.74e-10	56.5
A00470:566:HF2L2DRX3:1:2244:9769:32690_TCCCCCACTC	gnl|uv|NGB00053.1:845-1060	100.000	53	0	0	5	57	159	211	7.40e-23	99.0
A00470:566:HF2L2DRX3:1:2244:9769:32690_TCCCCCACTC	gnl|uv|AF090453.1:2872-3156	100.000	44	0	0	14	57	152	195	7.45e-18	82.4
A00470:566:HF2L2DRX3:1:2244:9769:32690_TCCCCCACTC	gnl|uv|AF416744.1:635-951	100.000	44	0	0	14	57	143	186	7.45e-18	82.4
A00470:566:HF2L2DRX3:1:2244:9769:32690_TCCCCCACTC	gnl|uv|KF947528.1:4361-4749	100.000	41	0	0	14	54	349	389	3.47e-16	76.8
A00470:566:HF2L2DRX3:1:2244:9769:32690_TCCCCCACTC	gnl|uv|AF092169.1:2336-2398	100.000	38	0	0	14	51	38	1	1.61e-14	71.3
A00470:566:HF2L2DRX3:1:2250:30553:4335_CTACGATCAC	gnl|uv|DQ230319.1:4566-4663	100.000	40	0	0	1	40	92	53	7.17e-16	75.0
A00470:566:HF2L2DRX3:1:2250:30553:4335_CTACGATCAC	gnl|uv|FJ380061.1:3933-4057	100.000	40	0	0	1	40	93	54	7.17e-16	75.0
A00470:566:HF2L2DRX3:1:2250:30553:4335_CTACGATCAC	gnl|uv|AB759086.1:2496-2651-46	100.000	40	0	0	1	40	73	112	7.17e-16	75.0
A00470:566:HF2L2DRX3:1:2250:30553:4335_CTACGATCAC	gnl|uv|KM062044.1:1387-1500	100.000	40	0	0	1	40	45	6	7.17e-16	75.0
A00470:566:HF2L2DRX3:1:2250:30553:4335_CTACGATCAC	gnl|uv|U37573.1:2706-4083	100.000	40	0	0	1	40	40	1	7.17e-16	75.0
A00470:566:HF2L2DRX3:2:1106:8865:22106_AGCGGGTATG	gnl|uv|X65312.3:896-994	100.000	79	0	0	1	79	85	7	3.95e-37	147
A00470:566:HF2L2DRX3:2:1106:8865:22106_AGCGGGTATG	gnl|uv|J01749.1:1-4361-49	98.734	79	1	0	1	79	3010	2932	1.84e-35	141
A00470:566:HF2L2DRX3:2:1106:8865:22106_AGCGGGTATG	gnl|uv|LC121524.1:3804-3998	94.521	73	4	0	7	79	1	73	4.01e-27	113
A00470:566:HF2L2DRX3:2:1106:8865:22106_AGCGGGTATG	gnl|uv|U14626.1:1666-1763	97.959	49	1	0	17	65	49	1	8.74e-19	86.1
A00470:566:HF2L2DRX3:2:1106:8865:22106_AGCGGGTATG	gnl|uv|L08918.1:763-902-49	97.917	48	1	0	1	48	48	1	3.14e-18	84.2
A00470:566:HF2L2DRX3:1:2252:15194:11115_TTGATCACAA	gnl|uv|J01749.1:1-4361-49	100.000	56	0	0	1	56	4075	4020	1.55e-24	104
A00470:566:HF2L2DRX3:1:2252:15194:11115_TTGATCACAA	gnl|uv|JQ437370.1:1915-3110-49	91.071	56	5	0	1	56	860	805	3.38e-16	76.8
A00470:566:HF2L2DRX3:1:2252:15194:11115_TTGATCACAA	gnl|uv|Z50143.1:2294-2389	100.000	40	0	0	1	40	40	1	1.22e-15	75.0
A00470:566:HF2L2DRX3:1:2252:15194:11115_TTGATCACAA	gnl|uv|NGB00119.1:1-81	100.000	39	0	0	1	39	43	81	4.37e-15	73.1
A00470:566:HF2L2DRX3:1:2252:15194:11115_TTGATCACAA	gnl|uv|L08876.1:1178-1279	100.000	34	0	0	23	56	1	34	2.63e-12	63.9
A00470:566:HF2L2DRX3:1:2253:22236:5995_GGCAAGTTGC	gnl|uv|AF090453.1:2872-3156	100.000	29	0	0	1	29	182	210	5.31e-10	54.7
A00470:566:HF2L2DRX3:1:2253:22236:5995_GGCAAGTTGC	gnl|uv|U89673.1:2672-2806	100.000	29	0	0	1	29	93	121	5.31e-10	54.7
A00470:566:HF2L2DRX3:1:2253:22236:5995_GGCAAGTTGC	gnl|uv|AF416744.1:635-951	100.000	29	0	0	1	29	173	201	5.31e-10	54.7
A00470:566:HF2L2DRX3:1:2254:9200:32330_TTAACGGCCG	gnl|uv|J01749.1:1-4361-49	100.000	62	0	0	1	62	3354	3415	1.10e-27	115
A00470:566:HF2L2DRX3:1:2254:9200:32330_TTAACGGCCG	gnl|uv|EU496089.1:1-376	98.387	62	1	0	1	62	247	308	5.10e-26	110
A00470:566:HF2L2DRX3:1:2254:9200:32330_TTAACGGCCG	gnl|uv|NGB00031.1:1385-1483	98.387	62	1	0	1	62	8	69	5.10e-26	110
A00470:566:HF2L2DRX3:1:2254:9200:32330_TTAACGGCCG	gnl|uv|AF532109.1:1058-1367	98.387	62	1	0	1	62	201	140	5.10e-26	110
A00470:566:HF2L2DRX3:1:2254:9200:32330_TTAACGGCCG	gnl|uv|U03436.1:3230-3328	98.361	61	1	0	1	61	39	99	1.83e-25	108
A00470:566:HF2L2DRX3:2:1113:1208:24690_AACTATTTTC	gnl|uv|GU339052.1:1094-1318	94.737	57	0	2	1	55	113	58	8.59e-19	86.1
A00470:566:HF2L2DRX3:1:2257:10022:22545_GGGACAAGCA	gnl|uv|AF090453.1:2872-3156	100.000	38	0	0	1	38	198	235	8.47e-15	71.3
A00470:566:HF2L2DRX3:1:2257:10022:22545_GGGACAAGCA	gnl|uv|AF416744.1:635-951	100.000	38	0	0	1	38	189	226	8.47e-15	71.3
A00470:566:HF2L2DRX3:1:2258:22318:28463_CGTCCCAGAT	gnl|uv|DQ133906.1:2593-3425-49	98.113	53	1	0	1	53	481	533	3.36e-21	93.5
A00470:566:HF2L2DRX3:2:1117:10140:32268_TCATTGGCCC	gnl|uv|U37573.1:955-1950	100.000	45	0	0	1	45	476	432	1.45e-18	84.2
A00470:566:HF2L2DRX3:2:1117:10140:32268_TCATTGGCCC	gnl|uv|U47120.2:611-715	100.000	41	0	0	1	41	9	49	2.43e-16	76.8
A00470:566:HF2L2DRX3:2:1117:10140:32268_TCATTGGCCC	gnl|uv|U47119.2:606-846	95.556	45	2	0	1	45	14	58	3.14e-15	73.1
A00470:566:HF2L2DRX3:2:1121:16604:30906_AGAGGAATAT	gnl|uv|DQ133906.1:2593-3425-49	98.734	79	1	0	1	79	447	525	1.84e-35	141
A00470:566:HF2L2DRX3:2:1121:16604:30906_AGAGGAATAT	gnl|uv|X70478.1:4174-4271	97.872	47	1	0	1	47	47	1	1.13e-17	82.4
A00470:566:HF2L2DRX3:2:1121:16604:30906_AGAGGAATAT	gnl|uv|U62637.1:2241-2393	100.000	40	0	0	40	79	1	40	1.89e-15	75.0
A00470:566:HF2L2DRX3:2:1125:7717:18709_GGGCCGCGGG	gnl|uv|NGB00985.1:18481-18525-6	100.000	32	0	0	10	41	14	45	5.12e-11	60.2
A00470:566:HF2L2DRX3:2:1125:7717:18709_GGGCCGCGGG	gnl|uv|NGB00356.1:13423-13466-48	100.000	32	0	0	10	41	8	39	5.12e-11	60.2
A00470:566:HF2L2DRX3:2:1125:7717:18709_GGGCCGCGGG	gnl|uv|NGB00353.1:13419-13463-6	100.000	32	0	0	10	41	14	45	5.12e-11	60.2
A00470:566:HF2L2DRX3:2:1125:7717:18709_GGGCCGCGGG	gnl|uv|NGB00354.1:13358-13402-48	100.000	32	0	0	10	41	9	40	5.12e-11	60.2
A00470:566:HF2L2DRX3:2:1125:7717:18709_GGGCCGCGGG	gnl|uv|NGB00358.1:11190-11231-49	100.000	32	0	0	10	41	11	42	5.12e-11	60.2
A00470:566:HF2L2DRX3:2:1162:31792:23265_CCCTCCATAT	gnl|uv|DQ133906.1:2593-3425-49	97.468	79	2	0	1	79	447	525	8.55e-34	135
A00470:566:HF2L2DRX3:2:1162:31792:23265_CCCTCCATAT	gnl|uv|U62637.1:2241-2393	100.000	40	0	0	40	79	1	40	1.89e-15	75.0
A00470:566:HF2L2DRX3:2:1128:5041:6089_CGGCCCGCCA	gnl|uv|DQ133906.1:2593-3425-49	98.734	79	1	0	1	79	447	525	1.84e-35	141
A00470:566:HF2L2DRX3:2:1128:5041:6089_CGGCCCGCCA	gnl|uv|X70478.1:4174-4271	97.872	47	1	0	1	47	47	1	1.13e-17	82.4
A00470:566:HF2L2DRX3:2:1128:5041:6089_CGGCCCGCCA	gnl|uv|U62637.1:2241-2393	100.000	40	0	0	40	79	1	40	1.89e-15	75.0
A00470:566:HF2L2DRX3:2:1129:22146:8625_TGATACCTTT	gnl|uv|M77169.1:820-5161	100.000	30	0	0	1	30	32	3	1.59e-10	56.5
A00470:566:HF2L2DRX3:2:1129:22146:8625_TGATACCTTT	gnl|uv|JX310868.1:599-694	100.000	30	0	0	1	30	34	5	1.59e-10	56.5
A00470:566:HF2L2DRX3:2:1129:22146:8625_TGATACCTTT	gnl|uv|L08876.1:1178-1279	100.000	30	0	0	1	30	96	67	1.59e-10	56.5
A00470:566:HF2L2DRX3:2:1129:22146:8625_TGATACCTTT	gnl|uv|U46018.1:2998-3109	100.000	30	0	0	1	30	78	107	1.59e-10	56.5
A00470:566:HF2L2DRX3:2:1129:22146:8625_TGATACCTTT	gnl|uv|DQ133906.1:1084-1182	100.000	30	0	0	1	30	36	7	1.59e-10	56.5
A00470:566:HF2L2DRX3:2:1130:27814:36918_CAGGGCGGGG	gnl|uv|U37573.1:955-1950	100.000	66	0	0	1	66	862	797	5.38e-30	122
A00470:566:HF2L2DRX3:2:1130:27814:36918_CAGGGCGGGG	gnl|uv|U64448.1:1060-1196	96.875	64	1	1	1	64	75	137	5.42e-25	106
A00470:566:HF2L2DRX3:2:1130:27814:36918_CAGGGCGGGG	gnl|uv|NGB00046.1:1474-1603	100.000	30	0	0	1	30	30	1	5.53e-10	56.5
A00470:566:HF2L2DRX3:2:1130:27814:36918_CAGGGCGGGG	gnl|uv|NGB00044.1:1476-1667	100.000	28	0	0	1	28	28	1	7.16e-09	52.8
A00470:566:HF2L2DRX3:2:1165:18710:15859_ACAGATCCCC	gnl|uv|DQ133906.1:2593-3425-49	100.000	77	0	0	2	78	459	535	5.03e-36	143
A00470:566:HF2L2DRX3:2:1165:18710:15859_ACAGATCCCC	gnl|uv|U62637.1:2241-2393	100.000	49	0	0	29	77	1	49	1.85e-20	91.6
A00470:566:HF2L2DRX3:2:1165:18710:15859_ACAGATCCCC	gnl|uv|X70478.1:4174-4271	100.000	35	0	0	2	36	35	1	1.12e-12	65.8
A00470:566:HF2L2DRX3:2:1133:2003:13041_CGGCATATGG	gnl|uv|DQ133906.1:2593-3425-49	100.000	78	0	0	1	78	460	537	1.42e-36	145
A00470:566:HF2L2DRX3:2:1133:2003:13041_CGGCATATGG	gnl|uv|U62637.1:2241-2393	100.000	49	0	0	27	75	1	49	1.88e-20	91.6
A00470:566:HF2L2DRX3:2:1133:2003:13041_CGGCATATGG	gnl|uv|X70478.1:4174-4271	100.000	34	0	0	1	34	34	1	4.09e-12	63.9
A00470:566:HF2L2DRX3:2:1134:32479:29997_GGCAACGAAT	gnl|uv|AF090453.1:2872-3156	100.000	33	0	0	3	35	203	235	4.63e-12	62.1
A00470:566:HF2L2DRX3:2:1134:32479:29997_GGCAACGAAT	gnl|uv|AF416744.1:635-951	100.000	33	0	0	3	35	194	226	4.63e-12	62.1
A00470:566:HF2L2DRX3:2:1136:5611:34820_TAAATTCCGT	gnl|uv|DQ133906.1:2593-3425-49	98.734	79	1	0	1	79	447	525	1.84e-35	141
A00470:566:HF2L2DRX3:2:1136:5611:34820_TAAATTCCGT	gnl|uv|X70478.1:4174-4271	97.872	47	1	0	1	47	47	1	1.13e-17	82.4
A00470:566:HF2L2DRX3:2:1136:5611:34820_TAAATTCCGT	gnl|uv|U62637.1:2241-2393	100.000	40	0	0	40	79	1	40	1.89e-15	75.0
A00470:566:HF2L2DRX3:2:1105:31729:25034_GGGAGTAAAG	gnl|uv|AF090453.1:2872-3156	96.721	61	2	0	1	61	222	282	8.67e-24	102
A00470:566:HF2L2DRX3:2:1105:31729:25034_GGGAGTAAAG	gnl|uv|AF416744.1:635-951	98.246	57	1	0	1	57	213	269	3.12e-23	100
A00470:566:HF2L2DRX3:2:1105:31729:25034_GGGAGTAAAG	gnl|uv|KF947528.1:4787-5103	98.113	53	1	0	9	61	1	53	5.22e-21	93.5
A00470:566:HF2L2DRX3:2:1137:27679:10974_CCAAGATTAT	gnl|uv|DQ133906.1:2593-3425-49	97.468	79	2	0	1	79	447	525	8.55e-34	135
A00470:566:HF2L2DRX3:2:1137:27679:10974_CCAAGATTAT	gnl|uv|X70478.1:4174-4271	95.745	47	2	0	1	47	47	1	5.26e-16	76.8
A00470:566:HF2L2DRX3:2:1137:27679:10974_CCAAGATTAT	gnl|uv|U62637.1:2241-2393	100.000	40	0	0	40	79	1	40	1.89e-15	75.0
A00470:566:HF2L2DRX3:2:1144:29369:31156_TTAAATAAAT	gnl|uv|DQ133906.1:2593-3425-49	98.734	79	1	0	1	79	447	525	1.84e-35	141
A00470:566:HF2L2DRX3:2:1144:29369:31156_TTAAATAAAT	gnl|uv|X70478.1:4174-4271	100.000	44	0	0	4	47	44	1	1.13e-17	82.4
A00470:566:HF2L2DRX3:2:1144:29369:31156_TTAAATAAAT	gnl|uv|U62637.1:2241-2393	100.000	40	0	0	40	79	1	40	1.89e-15	75.0
A00470:566:HF2L2DRX3:2:1144:29369:31156_TTAAATAAAT	gnl|uv|NGB00410.1:1-474	96.970	33	1	0	1	33	442	474	6.85e-10	56.5
A00470:566:HF2L2DRX3:2:1201:4915:18364_CACTACCCGA	gnl|uv|DQ133906.1:2593-3425-49	100.000	64	0	0	2	65	489	552	7.34e-29	119
A00470:566:HF2L2DRX3:2:1201:4915:18364_CACTACCCGA	gnl|uv|U62637.1:2241-2393	98.438	64	0	1	2	65	4	66	1.23e-26	111
A00470:566:HF2L2DRX3:2:1201:4915:18364_CACTACCCGA	gnl|uv|GU339052.1:1094-1318	100.000	41	0	0	25	65	49	9	4.48e-16	76.8
A00470:566:HF2L2DRX3:2:1201:4915:18364_CACTACCCGA	gnl|uv|HQ245711.1:13422-13527	100.000	37	0	0	29	65	58	94	7.50e-14	69.4
A00470:566:HF2L2DRX3:2:1146:8820:24095_CTAGCTTACC	gnl|uv|NGB00985.1:18481-18525-6	100.000	32	0	0	19	50	14	45	5.30e-11	60.2
A00470:566:HF2L2DRX3:2:1146:8820:24095_CTAGCTTACC	gnl|uv|NGB00356.1:13423-13466-48	100.000	32	0	0	19	50	8	39	5.30e-11	60.2
A00470:566:HF2L2DRX3:2:1146:8820:24095_CTAGCTTACC	gnl|uv|NGB00353.1:13419-13463-6	100.000	32	0	0	19	50	14	45	5.30e-11	60.2
A00470:566:HF2L2DRX3:2:1146:8820:24095_CTAGCTTACC	gnl|uv|NGB00354.1:13358-13402-48	100.000	32	0	0	19	50	9	40	5.30e-11	60.2
A00470:566:HF2L2DRX3:2:1146:8820:24095_CTAGCTTACC	gnl|uv|NGB00358.1:11190-11231-49	100.000	32	0	0	19	50	11	42	5.30e-11	60.2
A00470:566:HF2L2DRX3:2:1150:4571:21527_AGCGACCCAG	gnl|uv|AF416744.1:635-951	100.000	68	0	0	1	68	168	235	4.22e-31	126
A00470:566:HF2L2DRX3:2:1150:4571:21527_AGCGACCCAG	gnl|uv|AF090453.1:2872-3156	98.529	68	1	0	1	68	177	244	1.96e-29	121
A00470:566:HF2L2DRX3:2:1150:4571:21527_AGCGACCCAG	gnl|uv|U89673.1:2672-2806	100.000	48	0	0	1	48	88	135	5.54e-20	89.8
A00470:566:HF2L2DRX3:2:1155:16152:27148_CACTCCAAAG	gnl|uv|DQ133906.1:2593-3425-49	97.403	77	2	0	1	77	446	522	1.07e-32	132
A00470:566:HF2L2DRX3:2:1155:16152:27148_CACTCCAAAG	gnl|uv|U62637.1:2241-2393	100.000	37	0	0	41	77	1	37	8.51e-14	69.4
A00470:566:HF2L2DRX3:2:1215:4634:3818_CAAGAAACCC	gnl|uv|J01749.1:1-4361-49	100.000	75	0	0	1	75	4210	4284	6.18e-35	139
A00470:566:HF2L2DRX3:2:1215:4634:3818_CAAGAAACCC	gnl|uv|NGB00587.1:1-3232	98.667	75	1	0	1	75	3232	3158	2.87e-33	134
A00470:566:HF2L2DRX3:2:1215:4634:3818_CAAGAAACCC	gnl|uv|NGB00581.1:2107-2205	98.667	75	1	0	1	75	13	87	2.87e-33	134
A00470:566:HF2L2DRX3:2:1215:4634:3818_CAAGAAACCC	gnl|uv|S52444.1:2499-2599	97.333	75	2	0	1	75	4	78	1.34e-31	128
A00470:566:HF2L2DRX3:2:1215:4634:3818_CAAGAAACCC	gnl|uv|FJ380061.1:4934-5030	94.737	76	0	1	1	72	22	97	1.04e-27	115
A00470:566:HF2L2DRX3:2:1163:23818:15186_CAATACACAT	gnl|uv|KF947528.1:1-174	100.000	78	0	0	1	78	71	148	1.40e-36	145
A00470:566:HF2L2DRX3:2:1163:23818:15186_CAATACACAT	gnl|uv|NGB00030.1:1033-1606	97.260	73	2	0	6	78	351	423	1.82e-30	124
A00470:566:HF2L2DRX3:2:1163:23818:15186_CAATACACAT	gnl|uv|U43284.1:4097-4145-49	97.959	49	1	0	11	59	50	98	8.59e-19	86.1
A00470:566:HF2L2DRX3:2:1219:5222:6089_ATGCGGCACG	gnl|uv|DQ133906.1:2593-3425-49	100.000	57	0	0	2	58	499	555	4.53e-25	106
A00470:566:HF2L2DRX3:2:1219:5222:6089_ATGCGGCACG	gnl|uv|U62637.1:2241-2393	98.246	57	0	1	2	58	14	69	7.58e-23	99.0
A00470:566:HF2L2DRX3:2:1219:5222:6089_ATGCGGCACG	gnl|uv|GU339052.1:1094-1318	100.000	44	0	0	15	58	49	6	7.64e-18	82.4
A00470:566:HF2L2DRX3:2:1219:5222:6089_ATGCGGCACG	gnl|uv|HQ245711.1:13422-13527	100.000	40	0	0	19	58	58	97	1.28e-15	75.0
A00470:566:HF2L2DRX3:2:1220:13738:33739_TGCCTACTAG	gnl|uv|DQ133906.1:2593-3425-49	98.734	79	1	0	1	79	447	525	1.84e-35	141
A00470:566:HF2L2DRX3:2:1220:13738:33739_TGCCTACTAG	gnl|uv|X70478.1:4174-4271	97.872	47	1	0	1	47	47	1	1.13e-17	82.4
A00470:566:HF2L2DRX3:2:1220:13738:33739_TGCCTACTAG	gnl|uv|U62637.1:2241-2393	100.000	40	0	0	40	79	1	40	1.89e-15	75.0
A00470:566:HF2L2DRX3:2:1221:18087:16689_AAACAACATA	gnl|uv|NGB00053.1:845-1060	100.000	54	0	0	1	54	162	215	3.07e-23	100
A00470:566:HF2L2DRX3:2:1221:18087:16689_AAACAACATA	gnl|uv|AF090453.1:2872-3156	100.000	48	0	0	7	54	152	199	6.64e-20	89.8
A00470:566:HF2L2DRX3:2:1221:18087:16689_AAACAACATA	gnl|uv|AF416744.1:635-951	100.000	48	0	0	7	54	143	190	6.64e-20	89.8
A00470:566:HF2L2DRX3:2:1221:18087:16689_AAACAACATA	gnl|uv|KF947528.1:4361-4749	100.000	41	0	0	7	47	349	389	5.17e-16	76.8
A00470:566:HF2L2DRX3:2:1221:18087:16689_AAACAACATA	gnl|uv|AF092169.1:2336-2398	100.000	38	0	0	7	44	38	1	2.41e-14	71.3
A00470:566:HF2L2DRX3:2:1255:17589:17268_CTATGCTTAG	gnl|uv|U37573.1:955-1950	100.000	79	0	0	1	79	479	401	3.95e-37	147
A00470:566:HF2L2DRX3:2:1255:17589:17268_CTATGCTTAG	gnl|uv|U47119.2:606-846	96.203	79	3	0	1	79	11	89	3.98e-32	130
A00470:566:HF2L2DRX3:2:1255:17589:17268_CTATGCTTAG	gnl|uv|U47120.2:611-715	89.655	87	1	4	1	79	6	92	2.41e-24	104
A00470:566:HF2L2DRX3:2:1255:17589:17268_CTATGCTTAG	gnl|uv|M28247.1:3435-3533	98.148	54	1	0	26	79	1	54	1.45e-21	95.3
A00470:566:HF2L2DRX3:2:1255:17589:17268_CTATGCTTAG	gnl|uv|AF041247.1:4293-4739	100.000	49	0	0	29	77	1	49	1.88e-20	91.6
A00470:566:HF2L2DRX3:2:1222:18394:34444_GAGTGGTCGT	gnl|uv|AF416744.1:635-951	98.387	62	1	0	1	62	203	264	3.84e-26	110
A00470:566:HF2L2DRX3:2:1222:18394:34444_GAGTGGTCGT	gnl|uv|AF090453.1:2872-3156	96.774	62	2	0	1	62	212	273	1.79e-24	104
A00470:566:HF2L2DRX3:2:1222:18394:34444_GAGTGGTCGT	gnl|uv|KF947528.1:4787-5103	97.727	44	1	0	19	62	1	44	3.90e-16	76.8
A00470:566:HF2L2DRX3:2:1237:11876:19617_TACGAATCAC	gnl|uv|U29899.1:1847-4463	100.000	37	0	0	12	48	224	260	4.49e-14	69.4
A00470:566:HF2L2DRX3:2:1237:11876:19617_TACGAATCAC	gnl|uv|X75463.1:2260-2357	100.000	36	0	0	12	47	36	1	1.62e-13	67.6
A00470:566:HF2L2DRX3:2:1237:11876:19617_TACGAATCAC	gnl|uv|X75457.1:4052-4147	100.000	36	0	0	12	47	36	1	1.62e-13	67.6
A00470:566:HF2L2DRX3:2:1237:11876:19617_TACGAATCAC	gnl|uv|U09128.1:11913-12244	100.000	36	0	0	12	47	36	1	1.62e-13	67.6
A00470:566:HF2L2DRX3:2:1237:11876:19617_TACGAATCAC	gnl|uv|U13188.1:2988-3112	100.000	36	0	0	12	47	36	1	1.62e-13	67.6
A00470:566:HF2L2DRX3:2:1237:25211:1407_CCACACAAAG	gnl|uv|NGB00985.1:18481-18525-6	100.000	30	0	0	50	79	14	43	6.85e-10	56.5
A00470:566:HF2L2DRX3:2:1237:25211:1407_CCACACAAAG	gnl|uv|NGB00356.1:13423-13466-48	100.000	30	0	0	50	79	8	37	6.85e-10	56.5
A00470:566:HF2L2DRX3:2:1237:25211:1407_CCACACAAAG	gnl|uv|NGB00353.1:13419-13463-6	100.000	30	0	0	50	79	14	43	6.85e-10	56.5
A00470:566:HF2L2DRX3:2:1237:25211:1407_CCACACAAAG	gnl|uv|NGB00354.1:13358-13402-48	100.000	30	0	0	50	79	9	38	6.85e-10	56.5
A00470:566:HF2L2DRX3:2:1237:25211:1407_CCACACAAAG	gnl|uv|NGB00358.1:11190-11231-49	100.000	30	0	0	50	79	11	40	6.85e-10	56.5
A00470:566:HF2L2DRX3:2:1238:30626:6496_TTAGGAGACA	gnl|uv|DQ133906.1:2593-3425-49	100.000	64	0	0	1	64	494	557	6.67e-29	119
A00470:566:HF2L2DRX3:2:1238:30626:6496_TTAGGAGACA	gnl|uv|U62637.1:2241-2393	98.438	64	0	1	1	64	9	71	1.12e-26	111
A00470:566:HF2L2DRX3:2:1238:30626:6496_TTAGGAGACA	gnl|uv|GU339052.1:1094-1318	100.000	46	0	0	19	64	49	4	6.77e-19	86.1
A00470:566:HF2L2DRX3:2:1238:30626:6496_TTAGGAGACA	gnl|uv|HQ245711.1:13422-13527	100.000	42	0	0	23	64	58	99	1.13e-16	78.7
A00470:566:HF2L2DRX3:2:1271:6976:35211_TCACCCAGAC	gnl|uv|J01749.1:1-4361-49	100.000	79	0	0	1	79	4000	4078	3.95e-37	147
A00470:566:HF2L2DRX3:2:1271:6976:35211_TCACCCAGAC	gnl|uv|JQ437370.1:1915-3110-49	92.405	79	6	0	1	79	785	863	4.01e-27	113
A00470:566:HF2L2DRX3:2:1271:6976:35211_TCACCCAGAC	gnl|uv|L08876.1:1178-1279	100.000	49	0	0	6	54	49	1	1.88e-20	91.6
A00470:566:HF2L2DRX3:2:1271:6976:35211_TCACCCAGAC	gnl|uv|Z50143.1:2294-2389	100.000	43	0	0	37	79	1	43	4.06e-17	80.5
A00470:566:HF2L2DRX3:2:1271:6976:35211_TCACCCAGAC	gnl|uv|NGB00119.1:1-81	100.000	42	0	0	38	79	81	40	1.46e-16	78.7
A00470:566:HF2L2DRX3:2:1242:11650:29434_TCATCTGAGT	gnl|uv|DQ133906.1:2593-3425-49	95.946	74	3	0	2	75	484	557	2.24e-29	121
A00470:566:HF2L2DRX3:2:1242:11650:29434_TCATCTGAGT	gnl|uv|GU339052.1:1094-1318	95.652	46	2	0	30	75	49	4	1.77e-15	75.0
A00470:566:HF2L2DRX3:2:1242:11650:29434_TCATCTGAGT	gnl|uv|HQ245711.1:13422-13527	95.238	42	2	0	34	75	58	99	2.96e-13	67.6
A00470:566:HF2L2DRX3:2:1242:32398:17644_AAAACCGGAC	gnl|uv|L11614.1:167-678	100.000	78	0	0	1	78	126	203	1.40e-36	145
A00470:566:HF2L2DRX3:2:1242:32398:17644_AAAACCGGAC	gnl|uv|JN204905.1:1-455	97.436	78	2	0	1	78	316	393	3.03e-33	134
A00470:566:HF2L2DRX3:2:1243:18430:30467_GCACACGCGG	gnl|uv|NGB00403.1:2565-2775	100.000	49	0	0	1	49	52	4	9.90e-21	91.6
A00470:566:HF2L2DRX3:2:1243:18430:30467_GCACACGCGG	gnl|uv|EF460848.1:4345-4516	100.000	46	0	0	4	49	116	71	4.61e-19	86.1
A00470:566:HF2L2DRX3:2:1243:18430:30467_GCACACGCGG	gnl|uv|L09145.1:1928-2134	97.959	49	1	0	1	49	56	104	4.61e-19	86.1
A00470:566:HF2L2DRX3:2:1243:18430:30467_GCACACGCGG	gnl|uv|U09128.1:12430-14537	97.959	49	1	0	1	49	1803	1851	4.61e-19	86.1
A00470:566:HF2L2DRX3:2:1243:18430:30467_GCACACGCGG	gnl|uv|U13188.1:3131-3296	97.959	49	1	0	1	49	60	108	4.61e-19	86.1
A00470:566:HF2L2DRX3:2:1248:25084:9173_AATACGGGAT	gnl|uv|X65312.3:1831-1929	98.701	77	1	0	1	77	77	1	2.34e-34	137
A00470:566:HF2L2DRX3:2:1248:25084:9173_AATACGGGAT	gnl|uv|L08919.1:3396-3494	97.436	78	2	0	1	78	84	7	3.03e-33	134
A00470:566:HF2L2DRX3:2:1248:25084:9173_AATACGGGAT	gnl|uv|AF129072.1:4551-4649	97.436	78	2	0	1	78	17	94	3.03e-33	134
A00470:566:HF2L2DRX3:2:1248:25084:9173_AATACGGGAT	gnl|uv|J01749.1:1-4361-49	97.436	78	2	0	1	78	3937	3860	3.03e-33	134
A00470:566:HF2L2DRX3:2:1248:25084:9173_AATACGGGAT	gnl|uv|DQ657243.1:2908-3006	96.154	78	3	0	1	78	22	99	1.41e-31	128
A00470:566:HF2L2DRX3:2:1248:17409:9064_GGGGCCGCCC	gnl|uv|DQ133906.1:2593-3425-49	98.734	79	1	0	1	79	447	525	1.84e-35	141
A00470:566:HF2L2DRX3:2:1248:17409:9064_GGGGCCGCCC	gnl|uv|X70478.1:4174-4271	97.872	47	1	0	1	47	47	1	1.13e-17	82.4
A00470:566:HF2L2DRX3:2:1248:17409:9064_GGGGCCGCCC	gnl|uv|U62637.1:2241-2393	100.000	40	0	0	40	79	1	40	1.89e-15	75.0
A00470:566:HF2L2DRX3:2:1256:16242:10144_CACGCGAAGC	gnl|uv|U37573.1:955-1950	100.000	43	0	0	1	43	886	844	1.74e-17	80.5
A00470:566:HF2L2DRX3:2:1256:16242:10144_CACGCGAAGC	gnl|uv|U02451.1:1-68	100.000	38	0	0	6	43	27	64	1.05e-14	71.3
A00470:566:HF2L2DRX3:2:1256:16242:10144_CACGCGAAGC	gnl|uv|NGB00044.1:1476-1667	100.000	38	0	0	6	43	47	10	1.05e-14	71.3
A00470:566:HF2L2DRX3:2:1256:16242:10144_CACGCGAAGC	gnl|uv|NGB00046.1:1474-1603	100.000	38	0	0	6	43	49	12	1.05e-14	71.3
A00470:566:HF2L2DRX3:2:1256:16242:10144_CACGCGAAGC	gnl|uv|U64448.1:1060-1196	95.349	43	1	1	1	43	51	92	1.36e-13	67.6
A00470:566:HF2L2DRX3:2:2146:24361:15405_CACAGATGTG	gnl|uv|AF090453.1:2872-3156	100.000	32	0	0	1	32	168	199	1.40e-11	60.2
A00470:566:HF2L2DRX3:2:2146:24361:15405_CACAGATGTG	gnl|uv|NGB00053.1:845-1060	100.000	32	0	0	1	32	184	215	1.40e-11	60.2
A00470:566:HF2L2DRX3:2:2146:24361:15405_CACAGATGTG	gnl|uv|AF416744.1:635-951	100.000	32	0	0	1	32	159	190	1.40e-11	60.2
A00470:566:HF2L2DRX3:2:2124:13087:11757_GCAACAACAG	gnl|uv|EU140755.1:1669-2352	100.000	79	0	0	1	79	249	171	3.95e-37	147
A00470:566:HF2L2DRX3:2:2124:13087:11757_GCAACAACAG	gnl|uv|J01749.1:1-4361-49	100.000	68	0	0	12	79	779	712	5.15e-31	126
A00470:566:HF2L2DRX3:2:2124:13087:11757_GCAACAACAG	gnl|uv|AY423865.1:3440-3538	98.529	68	1	0	12	79	13	80	2.39e-29	121
A00470:566:HF2L2DRX3:2:2124:13087:11757_GCAACAACAG	gnl|uv|EU496104.1:2250-2567	97.059	68	2	0	12	79	279	212	1.11e-27	115
A00470:566:HF2L2DRX3:2:2124:13087:11757_GCAACAACAG	gnl|uv|AF016889.1:2414-2510	98.387	62	0	1	12	72	62	1	1.86e-25	108
A00470:566:HF2L2DRX3:2:1269:11171:33520_TCCCATAATA	gnl|uv|U37573.1:955-1950	100.000	76	0	0	2	77	720	795	1.78e-35	141
A00470:566:HF2L2DRX3:2:1269:11171:33520_TCCCATAATA	gnl|uv|NGB00030.1:1698-1796	98.684	76	1	0	2	77	82	7	8.27e-34	135
A00470:566:HF2L2DRX3:2:1269:11171:33520_TCCCATAATA	gnl|uv|U89929.1:254-352	98.630	73	1	0	2	74	73	1	3.85e-32	130
A00470:566:HF2L2DRX3:2:1269:7898:15201_TCTTAGGTAC	gnl|uv|J01749.1:1-4361-49	100.000	78	0	0	1	78	2482	2405	1.40e-36	145
A00470:566:HF2L2DRX3:2:1269:7898:15201_TCTTAGGTAC	gnl|uv|M10848.1:1-230	100.000	76	0	0	1	76	184	109	1.81e-35	141
A00470:566:HF2L2DRX3:2:1269:7898:15201_TCTTAGGTAC	gnl|uv|AF058756.1:1699-1954	96.154	78	0	2	1	78	108	182	1.82e-30	124
A00470:566:HF2L2DRX3:2:1269:7898:15201_TCTTAGGTAC	gnl|uv|X70481.1:3564-4492	98.413	63	0	1	7	68	929	867	5.10e-26	110
A00470:566:HF2L2DRX3:2:1269:7898:15201_TCTTAGGTAC	gnl|uv|X70269.1:5827-5945	98.413	63	0	1	7	68	119	57	5.10e-26	110
A00470:566:HF2L2DRX3:2:1273:6931:6825_GATACAGACT	gnl|uv|J01749.1:1-4361-49	96.341	82	1	1	1	80	3780	3861	3.13e-33	134
A00470:566:HF2L2DRX3:2:1273:6931:6825_GATACAGACT	gnl|uv|X70271.1:4214-4312	95.122	82	2	1	1	80	12	93	1.45e-31	128
A00470:566:HF2L2DRX3:2:1273:6931:6825_GATACAGACT	gnl|uv|AF532109.1:742-919	95.122	82	2	1	1	80	91	10	1.45e-31	128
A00470:566:HF2L2DRX3:2:1273:6931:6825_GATACAGACT	gnl|uv|EU496089.1:401-757	91.463	82	5	1	1	80	273	354	1.46e-26	111
A00470:566:HF2L2DRX3:2:1273:6931:6825_GATACAGACT	gnl|uv|S52444.1:2124-2300	95.082	61	1	1	22	80	50	110	1.48e-21	95.3
A00470:566:HF2L2DRX3:2:2143:13422:36730_ACGTCAATAG	gnl|uv|DQ133906.1:2593-3425-49	98.462	65	1	0	1	65	447	511	8.81e-28	115
A00470:566:HF2L2DRX3:2:2143:13422:36730_ACGTCAATAG	gnl|uv|X70478.1:4174-4271	97.872	47	1	0	1	47	47	1	8.94e-18	82.4
A00470:566:HF2L2DRX3:2:2143:2745:11851_CCAACAAAAC	gnl|uv|NGB00030.1:1033-1606	96.296	81	2	1	1	80	373	453	1.12e-32	132
A00470:566:HF2L2DRX3:2:2143:2745:11851_CCAACAAAAC	gnl|uv|KF947528.1:1-174	97.403	77	1	1	1	76	98	174	4.04e-32	130
A00470:566:HF2L2DRX3:2:2144:21531:7780_GGGGGGAAAC	gnl|uv|DQ133906.1:2593-3425-49	95.000	80	4	0	1	80	450	529	5.23e-31	126
A00470:566:HF2L2DRX3:2:2144:21531:7780_GGGGGGAAAC	gnl|uv|U62637.1:2241-2393	100.000	42	0	0	39	80	3	44	1.49e-16	78.7
A00470:566:HF2L2DRX3:2:2173:28275:18740_TTGCCTGGAC	gnl|uv|EU496089.1:776-994	100.000	35	0	0	1	35	182	216	3.58e-13	65.8
A00470:566:HF2L2DRX3:2:2173:28275:18740_TTGCCTGGAC	gnl|uv|X65279.1:244-340	100.000	35	0	0	1	35	84	50	3.58e-13	65.8
A00470:566:HF2L2DRX3:2:2173:28275:18740_TTGCCTGGAC	gnl|uv|J01749.1:1-4361-49	100.000	35	0	0	1	35	4064	4098	3.58e-13	65.8
A00470:566:HF2L2DRX3:2:2173:28275:18740_TTGCCTGGAC	gnl|uv|M34519.1:472-1398	97.143	35	1	0	1	35	56	22	1.67e-11	60.2
A00470:566:HF2L2DRX3:2:2173:28275:18740_TTGCCTGGAC	gnl|uv|M10480.1:36-99	100.000	29	0	0	7	35	49	21	7.75e-10	54.7
A00470:566:HF2L2DRX3:2:2175:14253:20196_CCGAATCAGA	gnl|uv|U37573.1:955-1950	100.000	74	0	0	1	74	903	830	2.18e-34	137
A00470:566:HF2L2DRX3:2:2175:14253:20196_CCGAATCAGA	gnl|uv|U64448.1:1060-1196	95.946	74	2	1	1	74	34	106	7.91e-29	119
A00470:566:HF2L2DRX3:2:2175:14253:20196_CCGAATCAGA	gnl|uv|NGB00046.1:1474-1603	100.000	49	0	0	23	71	49	1	1.72e-20	91.6
A00470:566:HF2L2DRX3:2:2175:14253:20196_CCGAATCAGA	gnl|uv|NGB00044.1:1476-1667	100.000	47	0	0	23	69	47	1	2.23e-19	87.9
A00470:566:HF2L2DRX3:2:2175:14253:20196_CCGAATCAGA	gnl|uv|U02451.1:1-68	100.000	42	0	0	23	64	27	68	1.34e-16	78.7
A00470:566:HF2L2DRX3:2:2153:9968:29058_CGGGACATAC	gnl|uv|AF090453.1:2872-3156	100.000	47	0	0	1	47	161	207	1.20e-19	87.9
A00470:566:HF2L2DRX3:2:2153:9968:29058_CGGGACATAC	gnl|uv|AF416744.1:635-951	100.000	47	0	0	1	47	152	198	1.20e-19	87.9
A00470:566:HF2L2DRX3:2:2153:9968:29058_CGGGACATAC	gnl|uv|U89673.1:2672-2806	97.872	47	0	1	1	47	73	118	2.01e-17	80.5
A00470:566:HF2L2DRX3:2:2153:9968:29058_CGGGACATAC	gnl|uv|NGB00053.1:845-1060	100.000	40	0	0	1	40	177	216	9.35e-16	75.0
A00470:566:HF2L2DRX3:2:2153:9968:29058_CGGGACATAC	gnl|uv|KF947528.1:4361-4749	100.000	32	0	0	1	32	358	389	2.62e-11	60.2
A00470:566:HF2L2DRX3:2:2154:14760:21073_ACCACCTACC	gnl|uv|J01749.1:1-4361-49	97.531	81	0	1	1	79	3406	3486	2.38e-34	137
A00470:566:HF2L2DRX3:2:2154:14760:21073_ACCACCTACC	gnl|uv|AF532109.1:1058-1367	97.468	79	0	1	1	77	149	71	3.08e-33	134
A00470:566:HF2L2DRX3:2:2154:14760:21073_ACCACCTACC	gnl|uv|KF947528.1:6331-6429	96.296	81	1	1	1	79	19	99	1.11e-32	132
A00470:566:HF2L2DRX3:2:2154:14760:21073_ACCACCTACC	gnl|uv|U07164.1:360-458	96.296	81	1	1	1	79	81	1	1.11e-32	132
A00470:566:HF2L2DRX3:2:2154:14760:21073_ACCACCTACC	gnl|uv|NGB00607.1:1563-1661	96.296	81	1	1	1	79	19	99	1.11e-32	132
A00470:566:HF2L2DRX3:2:2154:24722:9111_GGACCAGACG	gnl|uv|J01749.1:1-4361-49	96.610	59	0	1	5	61	3354	3412	2.93e-22	97.1
A00470:566:HF2L2DRX3:2:2154:24722:9111_GGACCAGACG	gnl|uv|U03436.1:3230-3328	94.915	59	1	2	5	61	39	97	1.36e-20	91.6
A00470:566:HF2L2DRX3:2:2154:24722:9111_GGACCAGACG	gnl|uv|EU496089.1:1-376	94.915	59	1	1	5	61	247	305	1.36e-20	91.6
A00470:566:HF2L2DRX3:2:2154:24722:9111_GGACCAGACG	gnl|uv|L19899.1:1565-1749	93.443	61	0	2	5	61	54	114	1.76e-19	87.9
A00470:566:HF2L2DRX3:2:2154:24722:9111_GGACCAGACG	gnl|uv|JQ895026.1:4687-4785	94.545	55	1	1	9	61	99	45	2.28e-18	84.2
A00470:566:HF2L2DRX3:2:2210:23520:26694_GGGGTATTTA	gnl|uv|NGB00053.1:845-1060	100.000	56	0	0	1	56	160	215	1.95e-24	104
A00470:566:HF2L2DRX3:2:2210:23520:26694_GGGGTATTTA	gnl|uv|AF090453.1:2872-3156	98.305	59	0	1	9	66	152	210	7.00e-24	102
A00470:566:HF2L2DRX3:2:2210:23520:26694_GGGGTATTTA	gnl|uv|AF416744.1:635-951	98.305	59	0	1	9	66	143	201	7.00e-24	102
A00470:566:HF2L2DRX3:2:2210:23520:26694_GGGGTATTTA	gnl|uv|KF947528.1:4361-4749	100.000	41	0	0	9	49	349	389	4.25e-16	76.8
A00470:566:HF2L2DRX3:2:2210:23520:26694_GGGGTATTTA	gnl|uv|AF092169.1:2336-2398	100.000	38	0	0	9	46	38	1	1.98e-14	71.3
A00470:566:HF2L2DRX3:2:2213:25626:10457_AACGCCAGCC	gnl|uv|Z32692.1:2323-5137	98.684	76	1	0	2	77	1640	1715	8.55e-34	135
A00470:566:HF2L2DRX3:2:2213:25626:10457_AACGCCAGCC	gnl|uv|JQ394800.1:2961-3181	98.039	51	1	0	29	79	1	51	6.75e-20	89.8
A00470:566:HF2L2DRX3:2:2227:4942:36918_GGGTTCCAAG	gnl|uv|DQ133906.1:2593-3425-49	98.734	79	1	0	1	79	447	525	1.84e-35	141
A00470:566:HF2L2DRX3:2:2227:4942:36918_GGGTTCCAAG	gnl|uv|X70478.1:4174-4271	97.872	47	1	0	1	47	47	1	1.13e-17	82.4
A00470:566:HF2L2DRX3:2:2227:4942:36918_GGGTTCCAAG	gnl|uv|U62637.1:2241-2393	100.000	40	0	0	40	79	1	40	1.89e-15	75.0
A00470:566:HF2L2DRX3:2:2171:22498:28557_ATAACCGCAA	gnl|uv|J01749.1:1-4361-49	100.000	66	0	0	1	66	4008	3943	5.38e-30	122
A00470:566:HF2L2DRX3:2:2171:22498:28557_ATAACCGCAA	gnl|uv|U64449.2:5207-5305	98.485	66	1	0	1	66	96	31	2.50e-28	117
A00470:566:HF2L2DRX3:2:2171:22498:28557_ATAACCGCAA	gnl|uv|JX310867.1:571-669	98.485	66	1	0	1	66	12	77	2.50e-28	117
A00470:566:HF2L2DRX3:2:2171:22498:28557_ATAACCGCAA	gnl|uv|NGB00147.1:284-382	98.485	66	1	0	1	66	5	70	2.50e-28	117
A00470:566:HF2L2DRX3:2:2171:22498:28557_ATAACCGCAA	gnl|uv|AF532109.1:583-681	98.485	66	1	0	1	66	22	87	2.50e-28	117
A00470:566:HF2L2DRX3:2:2231:31864:35665_AGCGGAGGAC	gnl|uv|NGB00053.1:845-1060	97.959	49	0	1	1	48	160	208	1.61e-18	84.2
A00470:566:HF2L2DRX3:2:2231:31864:35665_AGCGGAGGAC	gnl|uv|AF090453.1:2872-3156	97.561	41	0	1	9	48	152	192	4.49e-14	69.4
A00470:566:HF2L2DRX3:2:2231:31864:35665_AGCGGAGGAC	gnl|uv|KF947528.1:4361-4749	97.561	41	0	1	9	48	349	389	4.49e-14	69.4
A00470:566:HF2L2DRX3:2:2231:31864:35665_AGCGGAGGAC	gnl|uv|AF416744.1:635-951	97.561	41	0	1	9	48	143	183	4.49e-14	69.4
A00470:566:HF2L2DRX3:2:2231:31864:35665_AGCGGAGGAC	gnl|uv|NGB00108.1:1-243	100.000	36	0	0	1	36	208	243	1.62e-13	67.6
A00470:566:HF2L2DRX3:2:2233:13205:28588_CGACCGAGAC	gnl|uv|GU339052.1:1094-1318	96.000	75	2	1	1	74	131	57	2.43e-29	121
A00470:566:HF2L2DRX3:2:2235:16966:22576_GCAGTTTTCT	gnl|uv|J01749.1:1-4361-49	98.734	79	1	0	1	79	3084	3162	1.84e-35	141
A00470:566:HF2L2DRX3:2:2235:16966:22576_GCAGTTTTCT	gnl|uv|KJ541666.1:3327-3425	97.468	79	2	0	1	79	9	87	8.55e-34	135
A00470:566:HF2L2DRX3:2:2235:16966:22576_GCAGTTTTCT	gnl|uv|DQ133906.1:2477-2575	97.468	79	2	0	1	79	16	94	8.55e-34	135
A00470:566:HF2L2DRX3:2:2235:16966:22576_GCAGTTTTCT	gnl|uv|KF718972.1:2716-2852	96.923	65	2	0	15	79	137	73	5.18e-26	110
A00470:566:HF2L2DRX3:2:2235:16966:22576_GCAGTTTTCT	gnl|uv|U13864.1:807-935	96.610	59	2	0	21	79	1	59	1.12e-22	99.0
A00470:566:HF2L2DRX3:2:2272:13702:24815_AGCTATGTAT	gnl|uv|X65312.3:1831-1929	100.000	55	0	0	1	55	41	95	6.72e-24	102
A00470:566:HF2L2DRX3:2:2272:13702:24815_AGCTATGTAT	gnl|uv|DQ133906.1:1084-1182	94.030	67	1	2	1	64	93	27	8.69e-23	99.0
A00470:566:HF2L2DRX3:2:2272:13702:24815_AGCTATGTAT	gnl|uv|J01749.1:1-4361-49	94.030	67	1	2	1	64	3901	3967	8.69e-23	99.0
A00470:566:HF2L2DRX3:2:2272:13702:24815_AGCTATGTAT	gnl|uv|EU496089.1:776-994	98.182	55	1	0	1	55	19	73	3.13e-22	97.1
A00470:566:HF2L2DRX3:2:2272:13702:24815_AGCTATGTAT	gnl|uv|AF129072.1:4551-4649	98.113	53	1	0	1	53	53	1	4.04e-21	93.5
A00470:566:HF2L2DRX3:2:2219:18276:8061_CCCTACTCTA	gnl|uv|DQ133906.1:2593-3425-49	100.000	79	0	0	1	79	460	538	3.95e-37	147
A00470:566:HF2L2DRX3:2:2219:18276:8061_CCCTACTCTA	gnl|uv|U62637.1:2241-2393	98.113	53	1	0	27	79	1	53	5.22e-21	93.5
A00470:566:HF2L2DRX3:2:2219:18276:8061_CCCTACTCTA	gnl|uv|X70478.1:4174-4271	100.000	34	0	0	1	34	34	1	4.09e-12	63.9
A00470:566:HF2L2DRX3:2:2259:18177:27868_AGCCCGCTAT	gnl|uv|J01749.1:1-4361-49	100.000	73	0	0	1	73	3749	3821	7.71e-34	135
A00470:566:HF2L2DRX3:2:2259:18177:27868_AGCCCGCTAT	gnl|uv|AF532109.1:742-919	100.000	72	0	0	1	72	122	51	2.77e-33	134
A00470:566:HF2L2DRX3:2:2259:18177:27868_AGCCCGCTAT	gnl|uv|JQ895026.1:4321-4512	95.890	73	3	0	1	73	74	2	7.77e-29	119
A00470:566:HF2L2DRX3:2:2259:18177:27868_AGCCCGCTAT	gnl|uv|JX310866.1:2937-3038	96.875	64	2	0	10	73	102	39	4.67e-26	110
A00470:566:HF2L2DRX3:2:2259:18177:27868_AGCCCGCTAT	gnl|uv|X70271.1:4214-4312	98.113	53	1	0	21	73	1	53	4.71e-21	93.5
A00470:566:HF2L2DRX3:2:2261:9516:23015_CCTTCCGACG	gnl|uv|J01749.1:1-4361-49	100.000	75	0	0	1	75	2848	2922	6.18e-35	139
A00470:566:HF2L2DRX3:2:2261:9516:23015_CCTTCCGACG	gnl|uv|U30497.1:6952-7050	98.667	75	1	0	1	75	6	80	2.87e-33	134
A00470:566:HF2L2DRX3:2:2261:9516:23015_CCTTCCGACG	gnl|uv|EU496103.1:3366-3506	96.000	75	3	0	1	75	90	16	6.22e-30	122
A00470:566:HF2L2DRX3:2:2261:9516:23015_CCTTCCGACG	gnl|uv|L09145.1:1061-1160	96.825	63	2	0	13	75	100	38	6.27e-25	106
A00470:566:HF2L2DRX3:2:2261:9516:23015_CCTTCCGACG	gnl|uv|KP899259.1:2190-2518	98.000	50	1	0	1	50	8	57	2.27e-19	87.9
A00470:566:HF2L2DRX3:2:2248:18738:19539_AGGGGTCAAC	gnl|uv|DQ133906.1:2593-3425-49	100.000	79	0	0	1	79	473	551	3.95e-37	147
A00470:566:HF2L2DRX3:2:2248:18738:19539_AGGGGTCAAC	gnl|uv|U62637.1:2241-2393	98.485	66	0	1	14	79	1	65	1.11e-27	115
A00470:566:HF2L2DRX3:2:2248:18738:19539_AGGGGTCAAC	gnl|uv|GU339052.1:1094-1318	100.000	40	0	0	40	79	49	10	1.89e-15	75.0
A00470:566:HF2L2DRX3:2:2248:18738:19539_AGGGGTCAAC	gnl|uv|HQ245711.1:13422-13527	100.000	36	0	0	44	79	58	93	3.16e-13	67.6
A00470:566:HF2L2DRX3:2:2249:1787:14982_TACCGGGTAA	gnl|uv|J01749.1:1-4361-49	100.000	80	0	0	1	80	2842	2921	1.12e-37	148
A00470:566:HF2L2DRX3:2:2249:1787:14982_TACCGGGTAA	gnl|uv|U30497.1:6952-7050	98.734	79	1	0	2	80	1	79	1.87e-35	141
A00470:566:HF2L2DRX3:2:2249:1787:14982_TACCGGGTAA	gnl|uv|EU496103.1:3366-3506	95.000	80	4	0	1	80	96	17	5.23e-31	126
A00470:566:HF2L2DRX3:2:2249:1787:14982_TACCGGGTAA	gnl|uv|L09145.1:1061-1160	96.774	62	2	0	19	80	100	39	2.45e-24	104
A00470:566:HF2L2DRX3:2:2249:1787:14982_TACCGGGTAA	gnl|uv|KP899259.1:2190-2518	98.214	56	1	0	1	56	2	57	1.14e-22	99.0
A00470:566:HF2L2DRX3:2:2243:13331:35916_CCAATAGGGA	gnl|uv|U37573.1:955-1950	100.000	62	0	0	1	62	746	807	8.26e-28	115
A00470:566:HF2L2DRX3:2:2243:13331:35916_CCAATAGGGA	gnl|uv|NGB00030.1:1698-1796	98.214	56	1	0	1	56	56	1	8.32e-23	99.0
A00470:566:HF2L2DRX3:2:2243:13331:35916_CCAATAGGGA	gnl|uv|U89929.1:254-352	100.000	47	0	0	1	47	47	1	1.80e-19	87.9
A00470:566:HF2L2DRX3:2:2244:28103:14152_GTATCAAGGC	gnl|uv|J01749.1:1-4361-49	100.000	38	0	0	1	38	4085	4122	8.47e-15	71.3
A00470:566:HF2L2DRX3:2:2244:28103:14152_GTATCAAGGC	gnl|uv|M34519.1:472-1398	100.000	35	0	0	1	35	35	1	3.94e-13	65.8
A00470:566:HF2L2DRX3:2:2244:28103:14152_GTATCAAGGC	gnl|uv|M10480.1:36-99	100.000	34	0	0	1	34	34	1	1.42e-12	63.9
A00470:566:HF2L2DRX3:2:2245:12852:33739_CTTACGCTAT	gnl|uv|NGB00030.1:1033-1606	100.000	79	0	0	1	79	518	440	3.95e-37	147
A00470:566:HF2L2DRX3:2:2245:12852:33739_CTTACGCTAT	gnl|uv|U64449.2:2210-2807	100.000	49	0	0	11	59	49	1	1.88e-20	91.6
A00470:566:HF2L2DRX3:2:2245:12852:33739_CTTACGCTAT	gnl|uv|AF416744.1:3466-3506-49	100.000	36	0	0	1	36	84	49	3.16e-13	67.6
A00470:566:HF2L2DRX3:2:2245:12852:33739_CTTACGCTAT	gnl|uv|AF416744.1:1-56	100.000	36	0	0	1	36	43	8	3.16e-13	67.6
A00470:566:HF2L2DRX3:2:2265:15383:19210_GACAAACAAT	gnl|uv|J02400.1:1-5243-49	97.500	80	1	1	1	79	2998	2919	8.55e-34	135
A00470:566:HF2L2DRX3:2:2253:5050:6981_CCACCACAAG	gnl|uv|DQ133906.1:2593-3425-49	97.403	77	2	0	1	77	446	522	1.07e-32	132
A00470:566:HF2L2DRX3:2:2253:5050:6981_CCACCACAAG	gnl|uv|U62637.1:2241-2393	100.000	37	0	0	41	77	1	37	8.51e-14	69.4
